Workload,Run,TraceSize,Status,ExecTime,Instr,Cycles,IPC,NumBr,MispBr,BrPerCyc,MispBrPerCyc,MR,MPKI,CycWP,CycWPAvg,CycWPPKI,50PercInstr,50PercCycles,50PercIPC,50PercNumBr,50PercMispBr,50PercBrPerCyc,50PercMispBrPerCyc,50PercMR,50PercMPKI,50PercCycWP,50PercCycWPAvg,50PercCycWPPKI
traces,fp_13_trace,84.63656806945801,Pass,444.85759687423706,40000016,23238503,1.7213,6454282,948724,0.2777,0.0408,14.6991%,23.7181,19201455,20.2392,480.0362,20000016,11473684,1.7431,3233671,475797,0.2818,0.0415,14.7138%,23.7898,9466960,19.8971,473.3476
traces,media_3_trace,113.6968765258789,Pass,268.350683927536,20000046,5199009,3.8469,1130407,142783,0.2174,0.0275,12.6311%,7.1391,2560345,17.9317,128.0170,10000046,2444452,4.0909,568763,70526,0.2327,0.0289,12.3999%,7.0526,1259873,17.8640,125.9867
traces,infra_15_trace,101.22027969360352,Pass,502.71300411224365,50000052,38300119,1.3055,6957507,586808,0.1817,0.0153,8.4342%,11.7361,33934647,57.8292,678.6922,25000052,8379411,2.9835,3466846,273331,0.4137,0.0326,7.8841%,10.9332,6189526,22.6448,247.5805
traces,web_25_trace,46.08135795593262,Pass,179.67662405967712,14999989,11205526,1.3386,2548670,291198,0.2274,0.0260,11.4255%,19.4132,7193309,24.7025,479.5543,7999989,4598568,1.7397,1342253,136773,0.2919,0.0297,10.1898%,17.0966,3479175,25.4376,434.8975
traces,compress_7_trace,399.4104585647583,Pass,1198.5602250099182,130000052,28209450,4.6084,15042451,616095,0.5332,0.0218,4.0957%,4.7392,11836097,19.2115,91.0469,65000052,13698295,4.7451,7447474,278910,0.5437,0.0204,3.7450%,4.2909,5485876,19.6690,84.3980
traces,int_36_trace,201.8018684387207,Pass,590.9469470977783,53761949,50388398,1.0670,7755130,986006,0.1539,0.0196,12.7142%,18.3402,27159754,27.5452,505.1854,27761949,22963881,1.2089,4116890,517752,0.1793,0.0225,12.5763%,18.6497,12785227,24.6937,460.5306
