Workload,Run,TraceSize,Status,ExecTime,Instr,Cycles,IPC,NumBr,MispBr,BrPerCyc,MispBrPerCyc,MR,MPKI,CycWP,CycWPAvg,CycWPPKI,50PercInstr,50PercCycles,50PercIPC,50PercNumBr,50PercMispBr,50PercBrPerCyc,50PercMispBrPerCyc,50PercMR,50PercMPKI,50PercCycWP,50PercCycWPAvg,50PercCycWPPKI
traces,fp_13_trace,84.63656806945801,Pass,416.0151240825653,40000016,26089266,1.5332,6454282,1101071,0.2474,0.0422,17.0595%,27.5268,22099400,20.0708,552.4848,20000016,12874630,1.5534,3233671,550690,0.2512,0.0428,17.0299%,27.5345,10890256,19.7757,544.5124
traces,media_3_trace,113.6968765258789,Pass,253.6493718624115,20000046,7983011,2.5053,1130407,335397,0.1416,0.0420,29.6705%,16.7698,5599635,16.6955,279.9811,10000046,3862225,2.5892,568763,168609,0.1473,0.0437,29.6449%,16.8608,2807097,16.6486,280.7084
traces,infra_15_trace,101.22027969360352,Pass,469.79888582229614,50000052,48530917,1.0303,6957507,901040,0.1434,0.0186,12.9506%,18.0208,44596039,49.4940,891.9199,25000052,10691250,2.3384,3466846,430898,0.3243,0.0403,12.4291%,17.2359,8681127,20.1466,347.2444
traces,web_25_trace,46.08135795593262,Pass,172.42842507362366,14999989,14212384,1.0554,2548670,478896,0.1793,0.0337,18.7900%,31.9264,10385455,21.6862,692.3642,7999989,6482479,1.2341,1342253,253067,0.2071,0.0390,18.8539%,31.6334,5469911,21.6145,683.7398
traces,compress_7_trace,399.4104585647583,Pass,1134.6493639945984,130000052,36870718,3.5258,15042451,1285879,0.4080,0.0349,8.5483%,9.8914,20994782,16.3272,161.4983,65000052,17772888,3.6573,7447474,578301,0.4190,0.0325,7.7651%,8.8969,9797599,16.9420,150.7322
traces,int_36_trace,201.8018684387207,Pass,552.3399510383606,53761949,64092238,0.8388,7755130,1779172,0.1210,0.0278,22.9419%,33.0935,41887525,23.5433,779.1296,27761949,29566743,0.9390,4116890,907457,0.1392,0.0307,22.0423%,32.6871,19869083,21.8953,715.6948
