Workload,Run,TraceSize,Status,ExecTime,Instr,Cycles,IPC,NumBr,MispBr,BrPerCyc,MispBrPerCyc,MR,MPKI,CycWP,CycWPAvg,CycWPPKI,50PercInstr,50PercCycles,50PercIPC,50PercNumBr,50PercMispBr,50PercBrPerCyc,50PercMispBrPerCyc,50PercMR,50PercMPKI,50PercCycWP,50PercCycWPAvg,50PercCycWPPKI
traces,fp_13_trace,84.63656806945801,Pass,419.63697576522827,40000016,26221656,1.5255,6454282,1125905,0.2461,0.0429,17.4443%,28.1476,22222420,19.7374,555.5603,20000016,12944605,1.5450,3233671,562905,0.2498,0.0435,17.4076%,28.1452,10956496,19.4642,547.8244
traces,media_3_trace,113.6968765258789,Pass,256.19284176826477,20000046,8772564,2.2798,1130407,395219,0.1289,0.0451,34.9625%,19.7609,6456625,16.3368,322.8305,10000046,4263615,2.3454,568763,199378,0.1334,0.0468,35.0547%,19.9377,3243665,16.2689,324.3650
traces,infra_15_trace,101.22027969360352,Pass,474.6301472187042,50000052,49436544,1.0114,6957507,940254,0.1407,0.0190,13.5142%,18.8051,45565134,48.4605,911.3017,25000052,11020293,2.2685,3466846,453137,0.3146,0.0411,13.0706%,18.1254,9035660,19.9402,361.4256
traces,web_25_trace,46.08135795593262,Pass,172.91010570526123,14999989,14857692,1.0096,2548670,521200,0.1715,0.0351,20.4499%,34.7467,11076184,21.2513,738.4128,7999989,6873875,1.1638,1342253,277994,0.1953,0.0404,20.7110%,34.7493,5886452,21.1747,735.8075
traces,compress_7_trace,399.4104585647583,Pass,1158.0246562957764,130000052,40793196,3.1868,15042451,1564004,0.3687,0.0383,10.3973%,12.0308,25097830,16.0472,193.0602,65000052,19135488,3.3968,7447474,670745,0.3892,0.0351,9.0063%,10.3191,11197935,16.6948,172.2758
traces,int_36_trace,201.8018684387207,Pass,557.7370839118958,53761949,66959323,0.8029,7755130,1958744,0.1158,0.0293,25.2574%,36.4336,44958322,22.9526,836.2480,27761949,30310177,0.9159,4116890,980780,0.1358,0.0324,23.8233%,35.3282,20697531,21.1031,745.5359
