Workload,Run,TraceSize,Status,ExecTime,Instr,Cycles,IPC,NumBr,MispBr,BrPerCyc,MispBrPerCyc,MR,MPKI,CycWP,CycWPAvg,CycWPPKI,50PercInstr,50PercCycles,50PercIPC,50PercNumBr,50PercMispBr,50PercBrPerCyc,50PercMispBrPerCyc,50PercMR,50PercMPKI,50PercCycWP,50PercCycWPAvg,50PercCycWPPKI
traces,fp_13_trace,84.63656806945801,Pass,426.95638608932495,40000016,26400333,1.5151,6454282,1140857,0.2445,0.0432,17.6760%,28.5214,22346515,19.5875,558.6627,20000016,13046172,1.5330,3233671,570685,0.2479,0.0437,17.6482%,28.5342,11030103,19.3278,551.5047
traces,media_3_trace,113.6968765258789,Pass,265.3256850242615,20000046,9301551,2.1502,1130407,431827,0.1215,0.0464,38.2010%,21.5913,7051658,16.3298,352.5821,10000046,4527680,2.2086,568763,217489,0.1256,0.0480,38.2390%,21.7488,3540175,16.2775,354.0159
traces,infra_15_trace,101.22027969360352,Pass,480.7633922100067,50000052,51999313,0.9616,6957507,969315,0.1338,0.0186,13.9319%,19.3863,48173098,49.6981,963.4610,25000052,11168615,2.2384,3466846,470161,0.3104,0.0421,13.5616%,18.8064,9204722,19.5778,368.1881
traces,web_25_trace,46.08135795593262,Pass,177.94366002082825,14999989,14911743,1.0059,2548670,527396,0.1709,0.0354,20.6930%,35.1598,11149315,21.1403,743.2882,7999989,6943811,1.1521,1342253,283528,0.1933,0.0408,21.1233%,35.4410,5968441,21.0506,746.0562
traces,compress_7_trace,399.4104585647583,Pass,1150.405373096466,130000052,41408725,3.1394,15042451,1627617,0.3633,0.0393,10.8202%,12.5201,25985065,15.9651,199.8850,65000052,19596158,3.3170,7447474,709727,0.3800,0.0362,9.5298%,10.9189,11740767,16.5427,180.6270
traces,int_36_trace,201.8018684387207,Pass,562.2759730815887,53761949,68856363,0.7808,7755130,2087357,0.1126,0.0303,26.9158%,38.8259,46917697,22.4771,872.6934,27761949,31309749,0.8867,4116890,1044080,0.1315,0.0333,25.3609%,37.6083,21733883,20.8163,782.8659
