Workload,Run,TraceSize,Status,ExecTime,Instr,Cycles,IPC,NumBr,MispBr,BrPerCyc,MispBrPerCyc,MR,MPKI,CycWP,CycWPAvg,CycWPPKI,50PercInstr,50PercCycles,50PercIPC,50PercNumBr,50PercMispBr,50PercBrPerCyc,50PercMispBrPerCyc,50PercMR,50PercMPKI,50PercCycWP,50PercCycWPAvg,50PercCycWPPKI
traces,fp_13_trace,84.63656806945801,Pass,410.1958107948303,40000016,22947883,1.7431,6454282,932493,0.2813,0.0406,14.4477%,23.3123,18916343,20.2858,472.9084,20000016,11324194,1.7661,3233671,467034,0.2856,0.0412,14.4428%,23.3517,9319166,19.9539,465.9579
traces,media_3_trace,113.6968765258789,Pass,249.6016161441803,20000046,7095376,2.8187,1130407,273975,0.1593,0.0386,24.2368%,13.6987,4650886,16.9756,232.5438,10000046,3413085,2.9299,568763,137510,0.1666,0.0403,24.1770%,13.7509,2327512,16.9261,232.7501
traces,infra_15_trace,101.22027969360352,Pass,462.887943983078,50000052,45917341,1.0889,6957507,815479,0.1515,0.0178,11.7209%,16.3096,41911502,51.3949,838.2292,25000052,9777190,2.5570,3466846,365670,0.3546,0.0374,10.5476%,14.6268,7699859,21.0569,307.9937
traces,web_25_trace,46.08135795593262,Pass,170.7860870361328,14999989,13434772,1.1165,2548670,429433,0.1897,0.0320,16.8493%,28.6289,9553187,22.2460,636.8796,7999989,5904408,1.3549,1342253,218073,0.2273,0.0369,16.2468%,27.2592,4856312,22.2692,607.0398
traces,compress_7_trace,399.4104585647583,Pass,1124.9145390987396,130000052,34472729,3.7711,15042451,1121823,0.4364,0.0325,7.4577%,8.6294,18489751,16.4819,142.2288,65000052,16601993,3.9152,7447474,497139,0.4486,0.0299,6.6753%,7.6483,8576010,17.2507,131.9385
traces,int_36_trace,201.8018684387207,Pass,542.5849688053131,53761949,61108382,0.8798,7755130,1579924,0.1269,0.0259,20.3726%,29.3874,38660536,24.4699,719.1059,27761949,28435108,0.9763,4116890,823982,0.1448,0.0290,20.0147%,29.6803,18650582,22.6347,671.8038
