Workload,Run,TraceSize,Status,ExecTime,Instr,Cycles,IPC,NumBr,MispBr,BrPerCyc,MispBrPerCyc,MR,MPKI,CycWP,CycWPAvg,CycWPPKI,50PercInstr,50PercCycles,50PercIPC,50PercNumBr,50PercMispBr,50PercBrPerCyc,50PercMispBrPerCyc,50PercMR,50PercMPKI,50PercCycWP,50PercCycWPAvg,50PercCycWPPKI
traces,fp_13_trace,84.63656806945801,Pass,409.0910060405731,40000016,23026878,1.7371,6454282,936219,0.2803,0.0407,14.5054%,23.4055,18994812,20.2889,474.8701,20000016,11370594,1.7589,3233671,469349,0.2844,0.0413,14.5144%,23.4674,9365783,19.9548,468.2888
traces,media_3_trace,113.6968765258789,Pass,252.13935708999634,20000046,7131587,2.8044,1130407,276720,0.1585,0.0388,24.4797%,13.8360,4688305,16.9424,234.4147,10000046,3426935,2.9181,568763,138477,0.1660,0.0404,24.3470%,13.8476,2341746,16.9107,234.1735
traces,infra_15_trace,101.22027969360352,Pass,461.7144989967346,50000052,45903999,1.0892,6957507,815555,0.1516,0.0178,11.7219%,16.3111,41900704,51.3769,838.0132,25000052,9775404,2.5574,3466846,365720,0.3546,0.0374,10.5491%,14.6288,7699061,21.0518,307.9618
traces,web_25_trace,46.08135795593262,Pass,168.95035314559937,14999989,13432519,1.1167,2548670,429587,0.1897,0.0320,16.8553%,28.6392,9551016,22.2330,636.7349,7999989,5906846,1.3544,1342253,218642,0.2272,0.0370,16.2892%,27.3303,4859077,22.2239,607.3855
traces,compress_7_trace,399.4104585647583,Pass,1121.186828136444,130000052,34789653,3.7367,15042451,1141864,0.4324,0.0328,7.5909%,8.7836,18823350,16.4848,144.7949,65000052,16779262,3.8738,7447474,508376,0.4438,0.0303,6.8262%,7.8212,8766797,17.2447,134.8737
traces,int_36_trace,201.8018684387207,Pass,544.0324528217316,53761949,61060488,0.8805,7755130,1579635,0.1270,0.0259,20.3689%,29.3820,38616133,24.4462,718.2800,27761949,28370530,0.9785,4116890,821824,0.1451,0.0290,19.9623%,29.6025,18582669,22.6115,669.3575
