Workload,Run,TraceSize,Status,ExecTime,Instr,Cycles,IPC,NumBr,MispBr,BrPerCyc,MispBrPerCyc,MR,MPKI,CycWP,CycWPAvg,CycWPPKI,50PercInstr,50PercCycles,50PercIPC,50PercNumBr,50PercMispBr,50PercBrPerCyc,50PercMispBrPerCyc,50PercMR,50PercMPKI,50PercCycWP,50PercCycWPAvg,50PercCycWPPKI
traces,fp_13_trace,84.63656806945801,Pass,3925.337154865265,40000016,22974768,1.7410,6454282,934857,0.2809,0.0407,14.4843%,23.3714,18944296,20.2644,473.6072,20000016,11344538,1.7630,3233671,468763,0.2850,0.0413,14.4963%,23.4381,9340440,19.9257,467.0216
traces,media_3_trace,113.6968765258789,Pass,3096.2270679473877,20000046,6422408,3.1141,1130407,224908,0.1760,0.0350,19.8962%,11.2454,3908126,17.3766,195.4059,10000046,3066533,3.2610,568763,112096,0.1855,0.0366,19.7087%,11.2095,1944727,17.3488,194.4718
traces,infra_15_trace,101.22027969360352,Pass,3979.160894870758,50000052,42791601,1.1685,6957507,703033,0.1626,0.0164,10.1047%,14.0606,38647463,54.9725,772.9485,25000052,8958758,2.7906,3466846,310272,0.3870,0.0346,8.9497%,12.4109,6824838,21.9963,272.9930
traces,web_25_trace,46.08135795593262,Pass,2349.17528796196,14999989,12703543,1.1808,2548670,386539,0.2006,0.0304,15.1663%,25.7693,8776534,22.7054,585.1027,7999989,5421005,1.4757,1342253,189864,0.2476,0.0350,14.1452%,23.7330,4344842,22.8840,543.1060
traces,compress_7_trace,399.4104585647583,Pass,5343.679231882095,130000052,31569891,4.1178,15042451,894902,0.4765,0.0283,5.9492%,6.8839,15488660,17.3077,119.1435,65000052,15336773,4.2382,7447474,407031,0.4856,0.0265,5.4654%,6.2620,7273074,17.8686,111.8934
traces,int_36_trace,201.8018684387207,Pass,4058.544591188431,53761949,58289615,0.9223,7755130,1428911,0.1330,0.0245,18.4254%,26.5785,35669821,24.9629,663.4771,27761949,27168997,1.0218,4116890,758640,0.1515,0.0279,18.4275%,27.3266,17306271,22.8122,623.3810
