Workload,Run,TraceSize,Status,ExecTime,Instr,Cycles,IPC,NumBr,MispBr,BrPerCyc,MispBrPerCyc,MR,MPKI,CycWP,CycWPAvg,CycWPPKI,50PercInstr,50PercCycles,50PercIPC,50PercNumBr,50PercMispBr,50PercBrPerCyc,50PercMispBrPerCyc,50PercMR,50PercMPKI,50PercCycWP,50PercCycWPAvg,50PercCycWPPKI
traces,fp_13_trace,84.63656806945801,Pass,2387.322697877884,40000016,22907979,1.7461,6454282,935257,0.2817,0.0408,14.4905%,23.3814,18856215,20.1615,471.4052,20000016,11308925,1.7685,3233671,468830,0.2859,0.0415,14.4984%,23.4415,9296471,19.8291,464.8232
traces,media_3_trace,113.6968765258789,Pass,2184.580692052841,20000046,7401573,2.7021,1130407,298186,0.1527,0.0403,26.3786%,14.9093,4981848,16.7072,249.0918,10000046,3567137,2.8034,568763,149603,0.1594,0.0419,26.3032%,14.9602,2493195,16.6654,249.3184
traces,infra_15_trace,101.22027969360352,Pass,2448.4203009605408,50000052,43677441,1.1448,6957507,778739,0.1593,0.0178,11.1928%,15.5748,39651138,50.9171,793.0219,25000052,9711285,2.5743,3466846,357954,0.3570,0.0369,10.3251%,14.3181,7649778,21.3708,305.9905
traces,web_25_trace,46.08135795593262,Pass,2101.9131677150726,14999989,13375589,1.1214,2548670,430989,0.1905,0.0322,16.9103%,28.7326,9489220,22.0173,632.6151,7999989,5758964,1.3891,1342253,212876,0.2331,0.0370,15.8596%,26.6095,4702647,22.0910,587.8317
traces,compress_7_trace,399.4104585647583,Pass,7023.125715970993,130000052,38776820,3.3525,15042451,1412280,0.3879,0.0364,9.3886%,10.8637,23029022,16.3063,177.1463,65000052,18148511,3.5816,7447474,597736,0.4104,0.0329,8.0260%,9.1959,10187810,17.0440,156.7354
traces,int_36_trace,201.8018684387207,Pass,3442.7590210437775,53761949,61196191,0.8785,7755130,1610059,0.1267,0.0263,20.7612%,29.9479,38554899,23.9463,717.1410,27761949,28192115,0.9847,4116890,824186,0.1460,0.0292,20.0196%,29.6876,18300214,22.2040,659.1833
