Workload,Run,TraceSize,Status,ExecTime,Instr,Cycles,IPC,NumBr,MispBr,BrPerCyc,MispBrPerCyc,MR,MPKI,CycWP,CycWPAvg,CycWPPKI,50PercInstr,50PercCycles,50PercIPC,50PercNumBr,50PercMispBr,50PercBrPerCyc,50PercMispBrPerCyc,50PercMR,50PercMPKI,50PercCycWP,50PercCycWPAvg,50PercCycWPPKI
traces,fp_13_trace,84.63656806945801,Pass,409.89684677124023,40000016,23398917,1.7095,6454282,952690,0.2758,0.0407,14.7606%,23.8172,19372645,20.3347,484.3159,20000016,11550579,1.7315,3233671,477292,0.2800,0.0413,14.7601%,23.8646,9548650,20.0059,477.4321
traces,media_3_trace,113.6968765258789,Pass,250.04294300079346,20000046,5941391,3.3662,1130407,191221,0.1903,0.0322,16.9161%,9.5610,3379808,17.6749,168.9900,10000046,2829112,3.5347,568763,95562,0.2010,0.0338,16.8017%,9.5562,1684699,17.6294,168.4691
traces,infra_15_trace,101.22027969360352,Pass,517.5125241279602,50000052,41344744,1.2093,6957507,655015,0.1683,0.0158,9.4145%,13.1003,37107428,56.6513,742.1478,25000052,8740999,2.8601,3466846,297254,0.3966,0.0340,8.5742%,11.8901,6596068,22.1900,263.8422
traces,web_25_trace,46.08135795593262,Pass,170.83858609199524,14999989,12005752,1.2494,2548670,341899,0.2123,0.0285,13.4148%,22.7933,8040888,23.5183,536.0596,7999989,4979910,1.6065,1342253,161989,0.2695,0.0325,12.0684%,20.2487,3880876,23.9577,485.1102
traces,compress_7_trace,399.4104585647583,Pass,1130.714220046997,130000052,29176698,4.4556,15042451,676057,0.5156,0.0232,4.4943%,5.2004,12954001,19.1611,99.6461,65000052,14293767,4.5474,7447474,315699,0.5210,0.0221,4.2390%,4.8569,6165290,19.5290,94.8505
traces,int_36_trace,201.8018684387207,Pass,546.33105301857,53761949,55629455,0.9664,7755130,1284597,0.1394,0.0231,16.5645%,23.8942,32822362,25.5507,610.5129,27761949,25788197,1.0765,4116890,681691,0.1596,0.0264,16.5584%,24.5549,15839278,23.2353,570.5391
