Workload,Run,TraceSize,Status,ExecTime,Instr,Cycles,IPC,NumBr,MispBr,BrPerCyc,MispBrPerCyc,MR,MPKI,CycWP,CycWPAvg,CycWPPKI,50PercInstr,50PercCycles,50PercIPC,50PercNumBr,50PercMispBr,50PercBrPerCyc,50PercMispBrPerCyc,50PercMR,50PercMPKI,50PercCycWP,50PercCycWPAvg,50PercCycWPPKI
traces,fp_13_trace,84.63656806945801,Pass,424.26340913772583,40000016,22976469,1.7409,6454282,935100,0.2809,0.0407,14.4881%,23.3775,18946322,20.2613,473.6579,20000016,11345933,1.7627,3233671,468618,0.2850,0.0413,14.4918%,23.4309,9341820,19.9348,467.0906
traces,media_3_trace,113.6968765258789,Pass,257.0190830230713,20000046,5308331,3.7677,1130407,146726,0.2129,0.0276,12.9799%,7.3363,2681170,18.2733,134.0582,10000046,2474440,4.0413,568763,70926,0.2299,0.0287,12.4702%,7.0926,1294677,18.2539,129.4671
traces,infra_15_trace,101.22027969360352,Pass,486.6636929512024,50000052,39793938,1.2565,6957507,589993,0.1748,0.0148,8.4799%,11.7998,35476679,60.1307,709.5328,25000052,8306635,3.0096,3466846,266342,0.4174,0.0321,7.6825%,10.6537,6115267,22.9602,244.6102
traces,web_25_trace,46.08135795593262,Pass,175.42214226722717,14999989,11501530,1.3042,2548670,311118,0.2216,0.0271,12.2071%,20.7412,7505077,24.1229,500.3388,7999989,4764813,1.6790,1342253,147378,0.2817,0.0309,10.9799%,18.4223,3650434,24.7692,456.3049
traces,compress_7_trace,399.4104585647583,Pass,1163.996591091156,130000052,27540217,4.7204,15042451,564204,0.5462,0.0205,3.7507%,4.3400,11153661,19.7688,85.7974,65000052,13479592,4.8221,7447474,262535,0.5525,0.0195,3.5252%,4.0390,5265954,20.0581,81.0146
traces,int_36_trace,201.8018684387207,Pass,571.4102461338043,53761949,52799764,1.0182,7755130,1121178,0.1469,0.0212,14.4572%,20.8545,29724984,26.5123,552.9000,27761949,24324590,1.1413,4116890,591861,0.1692,0.0243,14.3764%,21.3191,14230987,24.0445,512.6076
