Workload,Run,TraceSize,Status,ExecTime,Instr,Cycles,IPC,NumBr,MispBr,BrPerCyc,MispBrPerCyc,MR,MPKI,CycWP,CycWPAvg,CycWPPKI,50PercInstr,50PercCycles,50PercIPC,50PercNumBr,50PercMispBr,50PercBrPerCyc,50PercMispBrPerCyc,50PercMR,50PercMPKI,50PercCycWP,50PercCycWPAvg,50PercCycWPPKI
traces,fp_13_trace,84.63656806945801,Pass,411.66433000564575,40000016,23236873,1.7214,6454282,949279,0.2778,0.0409,14.7077%,23.7320,19199451,20.2253,479.9861,20000016,11467890,1.7440,3233671,475781,0.2820,0.0415,14.7133%,23.7890,9460336,19.8838,473.0164
traces,media_3_trace,113.6968765258789,Pass,248.1361517906189,20000046,7360176,2.7173,1130407,292252,0.1536,0.0397,25.8537%,14.6126,4927443,16.8603,246.3716,10000046,3556713,2.8116,568763,147278,0.1599,0.0414,25.8944%,14.7277,2477997,16.8253,247.7986
traces,infra_15_trace,101.22027969360352,Pass,463.24604201316833,50000052,46240837,1.0813,6957507,836122,0.1505,0.0181,12.0176%,16.7224,42261699,50.5449,845.2331,25000052,9987828,2.5031,3466846,383144,0.3471,0.0384,11.0517%,15.3257,7935717,20.7121,317.4280
traces,web_25_trace,46.08135795593262,Pass,170.19900798797607,14999989,13531654,1.1085,2548670,438015,0.1883,0.0324,17.1860%,29.2010,9660197,22.0545,644.0136,7999989,5949520,1.3446,1342253,222827,0.2256,0.0375,16.6010%,27.8534,4906192,22.0179,613.2748
traces,compress_7_trace,399.4104585647583,Pass,1115.419574022293,130000052,37517645,3.4650,15042451,1319532,0.4009,0.0352,8.7721%,10.1502,21646765,16.4049,166.5135,65000052,17927911,3.6256,7447474,582235,0.4154,0.0325,7.8179%,8.9575,9945482,17.0816,153.0073
traces,int_36_trace,201.8018684387207,Pass,545.1987500190735,53761949,61583437,0.8730,7755130,1606286,0.1259,0.0261,20.7126%,29.8777,39148891,24.3723,728.1896,27761949,28435413,0.9763,4116890,820014,0.1448,0.0288,19.9183%,29.5373,18656324,22.7512,672.0106
