Workload,Run,TraceSize,Status,ExecTime,Instr,Cycles,IPC,NumBr,MispBr,BrPerCyc,MispBrPerCyc,MR,MPKI,CycWP,CycWPAvg,CycWPPKI,50PercInstr,50PercCycles,50PercIPC,50PercNumBr,50PercMispBr,50PercBrPerCyc,50PercMispBrPerCyc,50PercMR,50PercMPKI,50PercCycWP,50PercCycWPAvg,50PercCycWPPKI
traces,fp_13_trace,84.63656806945801,Pass,427.2962911128998,40000016,23386714,1.7104,6454282,952163,0.2760,0.0407,14.7524%,23.8041,19360177,20.3328,484.0042,20000016,11543000,1.7327,3233671,477103,0.2801,0.0413,14.7542%,23.8551,9540664,19.9971,477.0328
traces,media_3_trace,113.6968765258789,Pass,269.92410802841187,20000046,5490847,3.6424,1130407,161558,0.2059,0.0294,14.2920%,8.0779,2880184,17.8276,144.0089,10000046,2587775,3.8643,568763,79682,0.2198,0.0308,14.0097%,7.9682,1417462,17.7890,141.7455
traces,infra_15_trace,101.22027969360352,Pass,482.7760920524597,50000052,39724965,1.2587,6957507,597485,0.1751,0.0150,8.5876%,11.9497,35407808,59.2614,708.1554,25000052,8467457,2.9525,3466846,276600,0.4094,0.0327,7.9784%,11.0640,6286514,22.7278,251.4600
traces,web_25_trace,46.08135795593262,Pass,177.1758861541748,14999989,11583121,1.2950,2548670,316087,0.2200,0.0273,12.4020%,21.0725,7592446,24.0201,506.1634,7999989,4772225,1.6764,1342253,148272,0.2813,0.0311,11.0465%,18.5340,3661212,24.6925,457.6521
traces,compress_7_trace,399.4104585647583,Pass,1148.5111649036407,130000052,28236814,4.6039,15042451,614111,0.5327,0.0217,4.0825%,4.7239,11906986,19.3890,91.5922,65000052,13791623,4.7130,7447474,283226,0.5400,0.0205,3.8030%,4.3573,5606101,19.7937,86.2476
traces,int_36_trace,201.8018684387207,Pass,563.9371430873871,53761949,52759584,1.0190,7755130,1118919,0.1470,0.0212,14.4281%,20.8125,29698375,26.5420,552.4051,27761949,24278253,1.1435,4116890,590673,0.1696,0.0243,14.3476%,21.2764,14195078,24.0320,511.3142
