Workload,Run,TraceSize,Status,ExecTime,Instr,Cycles,IPC,NumBr,MispBr,BrPerCyc,MispBrPerCyc,MR,MPKI,CycWP,CycWPAvg,CycWPPKI,50PercInstr,50PercCycles,50PercIPC,50PercNumBr,50PercMispBr,50PercBrPerCyc,50PercMispBrPerCyc,50PercMR,50PercMPKI,50PercCycWP,50PercCycWPAvg,50PercCycWPPKI
traces,fp_13_trace,84.63656806945801,Pass,479.5349078178406,40000016,23405217,1.7090,6454282,952950,0.2758,0.0407,14.7646%,23.8237,19379906,20.3368,484.4975,20000016,11558945,1.7303,3233671,477811,0.2798,0.0413,14.7761%,23.8905,9557799,20.0033,477.8896
traces,media_3_trace,113.6968765258789,Pass,284.86263704299927,20000046,5090119,3.9292,1130407,134157,0.2221,0.0264,11.8680%,6.7078,2441170,18.1964,122.0582,10000046,2377280,4.2065,568763,65345,0.2392,0.0275,11.4890%,6.5345,1187177,18.1678,118.7172
traces,infra_15_trace,101.22027969360352,Pass,535.6810586452484,50000052,38444591,1.3006,6957507,581448,0.1810,0.0151,8.3571%,11.6289,34072916,58.6001,681.4576,25000052,8281148,3.0189,3466846,265668,0.4186,0.0321,7.6631%,10.6267,6084588,22.9030,243.3830
traces,web_25_trace,46.08135795593262,Pass,190.70472598075867,14999989,11093899,1.3521,2548670,286378,0.2297,0.0258,11.2364%,19.0919,7080052,24.7228,472.0038,7999989,4549216,1.7585,1342253,134676,0.2951,0.0296,10.0336%,16.8345,3429374,25.4639,428.6723
traces,compress_7_trace,399.4104585647583,Pass,1233.174700975418,130000052,27676108,4.6972,15042451,577813,0.5435,0.0209,3.8412%,4.4447,11274978,19.5132,86.7306,65000052,13488520,4.8189,7447474,263988,0.5521,0.0196,3.5447%,4.0614,5265865,19.9474,81.0132
traces,int_36_trace,201.8018684387207,Pass,621.6685478687286,53761949,50270919,1.0694,7755130,973621,0.1543,0.0194,12.5545%,18.1099,27001483,27.7331,502.2415,27761949,22902834,1.2122,4116890,510563,0.1798,0.0223,12.4017%,18.3907,12709197,24.8925,457.7920
