Workload,Run,TraceSize,Status,ExecTime,Instr,Cycles,IPC,NumBr,MispBr,BrPerCyc,MispBrPerCyc,MR,MPKI,CycWP,CycWPAvg,CycWPPKI,50PercInstr,50PercCycles,50PercIPC,50PercNumBr,50PercMispBr,50PercBrPerCyc,50PercMispBrPerCyc,50PercMR,50PercMPKI,50PercCycWP,50PercCycWPAvg,50PercCycWPPKI
traces,fp_13_trace,84.63656806945801,Pass,3332.3279519081116,40000016,23164704,1.7268,6454282,944264,0.2786,0.0408,14.6300%,23.6066,19133566,20.2629,478.3390,20000016,11439362,1.7484,3233671,473382,0.2827,0.0414,14.6392%,23.6691,9434609,19.9302,471.7301
traces,media_3_trace,113.6968765258789,Pass,2179.436136007309,20000046,6467550,3.0924,1130407,228403,0.1748,0.0353,20.2054%,11.4201,3958652,17.3319,197.9321,10000046,3083918,3.2426,568763,113883,0.1844,0.0369,20.0229%,11.3882,1965790,17.2615,196.5781
traces,infra_15_trace,101.22027969360352,Pass,4333.069427013397,50000052,42625076,1.1730,6957507,702359,0.1632,0.0165,10.0950%,14.0472,38481173,54.7885,769.6227,25000052,8958262,2.7907,3466846,310168,0.3870,0.0346,8.9467%,12.4067,6825697,22.0065,273.0273
traces,web_25_trace,46.08135795593262,Pass,1031.3357269763947,14999989,12720138,1.1792,2548670,387638,0.2004,0.0305,15.2094%,25.8426,8794763,22.6881,586.3180,7999989,5427118,1.4741,1342253,190023,0.2473,0.0350,14.1570%,23.7529,4351380,22.8992,543.9232
traces,compress_7_trace,399.4104585647583,Pass,6907.763222932816,130000052,32261667,4.0296,15042451,943020,0.4663,0.0292,6.2691%,7.2540,16212945,17.1926,124.7149,65000052,15666822,4.1489,7447474,427905,0.4754,0.0273,5.7456%,6.5831,7623447,17.8157,117.2837
traces,int_36_trace,201.8018684387207,Pass,4418.553964138031,53761949,58278585,0.9225,7755130,1427466,0.1331,0.0245,18.4067%,26.5516,35637340,24.9655,662.8729,27761949,27116177,1.0238,4116890,755821,0.1518,0.0279,18.3590%,27.2251,17250897,22.8241,621.3864
