Workload,Run,TraceSize,Status,ExecTime,Instr,Cycles,IPC,NumBr,MispBr,BrPerCyc,MispBrPerCyc,MR,MPKI,CycWP,CycWPAvg,CycWPPKI,50PercInstr,50PercCycles,50PercIPC,50PercNumBr,50PercMispBr,50PercBrPerCyc,50PercMispBrPerCyc,50PercMR,50PercMPKI,50PercCycWP,50PercCycWPAvg,50PercCycWPPKI
traces,fp_13_trace,84.63656806945801,Pass,473.12253522872925,40000016,23175646,1.7260,6454282,944852,0.2785,0.0408,14.6391%,23.6213,19146888,20.2644,478.6720,20000016,11450240,1.7467,3233671,474012,0.2824,0.0414,14.6586%,23.7006,9447242,19.9304,472.3617
traces,media_3_trace,113.6968765258789,Pass,281.8105800151825,20000046,5009939,3.9921,1130407,127410,0.2256,0.0254,11.2712%,6.3705,2356517,18.4955,117.8256,10000046,2327593,4.2963,568763,61321,0.2444,0.0263,10.7815%,6.1321,1134748,18.5050,113.4743
traces,infra_15_trace,101.22027969360352,Pass,529.9167909622192,50000052,38535184,1.2975,6957507,577335,0.1805,0.0150,8.2980%,11.5467,34166844,59.1803,683.3362,25000052,8207623,3.0460,3466846,260156,0.4224,0.0317,7.5041%,10.4062,6005583,23.0845,240.2228
traces,web_25_trace,46.08135795593262,Pass,190.16585183143616,14999989,11052889,1.3571,2548670,283686,0.2306,0.0257,11.1307%,18.9124,7035136,24.7990,469.0094,7999989,4556274,1.7558,1342253,134817,0.2946,0.0296,10.0441%,16.8521,3434241,25.4734,429.2807
traces,compress_7_trace,399.4104585647583,Pass,1240.4545719623566,130000052,27408168,4.7431,15042451,556889,0.5488,0.0203,3.7021%,4.2838,10997762,19.7486,84.5981,65000052,13398511,4.8513,7447474,257623,0.5558,0.0192,3.4592%,3.9634,5169474,20.0660,79.5303
traces,int_36_trace,201.8018684387207,Pass,621.3421540260315,53761949,50085783,1.0734,7755130,969421,0.1548,0.0194,12.5004%,18.0317,26786184,27.6311,498.2368,27761949,22852898,1.2148,4116890,507538,0.1801,0.0222,12.3282%,18.2818,12654916,24.9339,455.8367
