Workload,Run,TraceSize,Status,ExecTime,Instr,Cycles,IPC,NumBr,MispBr,BrPerCyc,MispBrPerCyc,MR,MPKI,CycWP,CycWPAvg,CycWPPKI,50PercInstr,50PercCycles,50PercIPC,50PercNumBr,50PercMispBr,50PercBrPerCyc,50PercMispBrPerCyc,50PercMR,50PercMPKI,50PercCycWP,50PercCycWPAvg,50PercCycWPPKI
traces,fp_13_trace,84.63656806945801,Pass,437.93462920188904,40000016,22896362,1.7470,6454282,934771,0.2819,0.0408,14.4830%,23.3693,18844226,20.1592,471.1055,20000016,11302752,1.7695,3233671,468560,0.2861,0.0415,14.4900%,23.4280,9290147,19.8270,464.5070
traces,media_3_trace,113.6968765258789,Pass,273.0118808746338,20000046,6293050,3.1781,1130407,222959,0.1796,0.0354,19.7238%,11.1479,3767984,16.8999,188.3988,10000046,3012163,3.3199,568763,112023,0.1888,0.0372,19.6959%,11.2022,1885930,16.8352,188.5921
traces,infra_15_trace,101.22027969360352,Pass,497.04614877700806,50000052,39859916,1.2544,6957507,649716,0.1745,0.0163,9.3383%,12.9943,35564213,54.7381,711.2835,25000052,9080443,2.7532,3466846,315367,0.3818,0.0347,9.0967%,12.6147,6932278,21.9816,277.2905
traces,web_25_trace,46.08135795593262,Pass,189.31104683876038,14999989,12157595,1.2338,2548670,351497,0.2096,0.0289,13.7914%,23.4332,8196058,23.3176,546.4043,7999989,4997033,1.6009,1342253,163285,0.2686,0.0327,12.1650%,20.4107,3897389,23.8686,487.1743
traces,compress_7_trace,399.4104585647583,Pass,1163.2188320159912,130000052,32598599,3.9879,15042451,917726,0.4614,0.0282,6.1009%,7.0594,16438481,17.9122,126.4498,65000052,15646655,4.1542,7447474,405128,0.4760,0.0259,5.4398%,6.2327,7551068,18.6387,116.1702
traces,int_36_trace,201.8018684387207,Pass,582.7037587165833,53761949,55039307,0.9768,7755130,1268014,0.1409,0.0230,16.3506%,23.5857,32007921,25.2426,595.3639,27761949,24978896,1.1114,4116890,652903,0.1648,0.0261,15.8591%,23.5179,14895814,22.8147,536.5551
