Workload,Run,TraceSize,Status,ExecTime,Instr,Cycles,IPC,NumBr,MispBr,BrPerCyc,MispBrPerCyc,MR,MPKI,CycWP,CycWPAvg,CycWPPKI,50PercInstr,50PercCycles,50PercIPC,50PercNumBr,50PercMispBr,50PercBrPerCyc,50PercMispBrPerCyc,50PercMR,50PercMPKI,50PercCycWP,50PercCycWPAvg,50PercCycWPPKI
traces,fp_13_trace,84.63656806945801,Pass,414.46383595466614,40000016,23293922,1.7172,6454282,948928,0.2771,0.0407,14.7023%,23.7232,19267008,20.3040,481.6750,20000016,11487342,1.7410,3233671,475158,0.2815,0.0414,14.6941%,23.7579,9484803,19.9614,474.2398
traces,media_3_trace,113.6968765258789,Pass,254.71767616271973,20000046,5407302,3.6987,1130407,155014,0.2091,0.0287,13.7131%,7.7507,2787208,17.9804,139.3601,10000046,2539795,3.9373,568763,76039,0.2239,0.0299,13.3692%,7.6039,1363725,17.9345,136.3719
traces,infra_15_trace,101.22027969360352,Pass,467.7272961139679,50000052,39810337,1.2560,6957507,594648,0.1748,0.0149,8.5469%,11.8929,35498218,59.6962,709.9636,25000052,8402997,2.9751,3466846,272558,0.4126,0.0324,7.8618%,10.9023,6216969,22.8097,248.6782
traces,web_25_trace,46.08135795593262,Pass,172.6682767868042,14999989,11544204,1.2994,2548670,313314,0.2208,0.0271,12.2932%,20.8876,7550519,24.0989,503.3683,7999989,4762061,1.6799,1342253,147170,0.2819,0.0309,10.9644%,18.3963,3649606,24.7986,456.2014
traces,compress_7_trace,399.4104585647583,Pass,1134.3479471206665,130000052,27929794,4.6545,15042451,591917,0.5386,0.0212,3.9350%,4.5532,11574922,19.5550,89.0378,65000052,13650510,4.7617,7447474,274021,0.5456,0.0201,3.6794%,4.2157,5449237,19.8862,83.8343
traces,int_36_trace,201.8018684387207,Pass,550.7425508499146,53761949,52721156,1.0197,7755130,1116967,0.1471,0.0212,14.4029%,20.7762,29655951,26.5504,551.6160,27761949,24288673,1.1430,4116890,590225,0.1695,0.0243,14.3367%,21.2602,14196666,24.0530,511.3714
