Workload,Run,TraceSize,Status,ExecTime,Instr,Cycles,IPC,NumBr,MispBr,BrPerCyc,MispBrPerCyc,MR,MPKI,CycWP,CycWPAvg,CycWPPKI,50PercInstr,50PercCycles,50PercIPC,50PercNumBr,50PercMispBr,50PercBrPerCyc,50PercMispBrPerCyc,50PercMR,50PercMPKI,50PercCycWP,50PercCycWPAvg,50PercCycWPPKI
traces,fp_13_trace,84.63656806945801,Pass,409.10374307632446,40000016,26169440,1.5285,6454282,1103953,0.2466,0.0422,17.1042%,27.5988,22181781,20.0930,554.5443,20000016,12911393,1.5490,3233671,551812,0.2505,0.0427,17.0646%,27.5906,10928079,19.8040,546.4035
traces,media_3_trace,113.6968765258789,Pass,248.30076026916504,20000046,7962677,2.5117,1130407,333565,0.1420,0.0419,29.5084%,16.6782,5583607,16.7392,279.1797,10000046,3850778,2.5969,568763,167647,0.1477,0.0435,29.4757%,16.7646,2797795,16.6886,279.7782
traces,infra_15_trace,101.22027969360352,Pass,461.6715409755707,50000052,48558328,1.0297,6957507,900944,0.1433,0.0186,12.9492%,18.0189,44624819,49.5312,892.4955,25000052,10697111,2.3371,3466846,430948,0.3241,0.0403,12.4305%,17.2379,8686765,20.1573,347.4699
traces,web_25_trace,46.08135795593262,Pass,170.33805418014526,14999989,14190813,1.0570,2548670,477933,0.1796,0.0337,18.7523%,31.8622,10363079,21.6831,690.8724,7999989,6469634,1.2365,1342253,252950,0.2075,0.0391,18.8452%,31.6188,5457134,21.5740,682.1427
traces,compress_7_trace,399.4104585647583,Pass,1120.9419140815735,130000052,36702589,3.5420,15042451,1272995,0.4098,0.0347,8.4627%,9.7923,20825193,16.3592,160.1937,65000052,17699872,3.6723,7447474,572914,0.4208,0.0324,7.6927%,8.8141,9723594,16.9722,149.5936
traces,int_36_trace,201.8018684387207,Pass,544.4056839942932,53761949,64027398,0.8397,7755130,1774995,0.1211,0.0277,22.8880%,33.0158,41806080,23.5528,777.6147,27761949,29582144,0.9385,4116890,907769,0.1392,0.0307,22.0499%,32.6983,19880833,21.9008,716.1181
