Workload,Run,TraceSize,Status,ExecTime,Instr,Cycles,IPC,NumBr,MispBr,BrPerCyc,MispBrPerCyc,MR,MPKI,CycWP,CycWPAvg,CycWPPKI,50PercInstr,50PercCycles,50PercIPC,50PercNumBr,50PercMispBr,50PercBrPerCyc,50PercMispBrPerCyc,50PercMR,50PercMPKI,50PercCycWP,50PercCycWPAvg,50PercCycWPPKI
traces,fp_13_trace,84.63656806945801,Pass,427.92960691452026,40000016,23311819,1.7159,6454282,949483,0.2769,0.0407,14.7109%,23.7371,19285494,20.3116,482.1372,20000016,11502941,1.7387,3233671,475635,0.2811,0.0413,14.7088%,23.7817,9501100,19.9756,475.0546
traces,media_3_trace,113.6968765258789,Pass,264.02026104927063,20000046,5858064,3.4141,1130407,184860,0.1930,0.0316,16.3534%,9.2430,3284974,17.7701,164.2483,10000046,2779899,3.5973,568763,91773,0.2046,0.0330,16.1355%,9.1773,1627676,17.7359,162.7669
traces,infra_15_trace,101.22027969360352,Pass,486.3406069278717,50000052,41422144,1.2071,6957507,651357,0.1680,0.0157,9.3619%,13.0271,37184708,57.0881,743.6934,25000052,8672858,2.8826,3466846,292679,0.3997,0.0337,8.4422%,11.7071,6521455,22.2819,260.8577
traces,web_25_trace,46.08135795593262,Pass,178.11674189567566,14999989,11978503,1.2522,2548670,338735,0.2128,0.0283,13.2907%,22.5823,8010719,23.6489,534.0483,7999989,4975688,1.6078,1342253,160607,0.2698,0.0323,11.9655%,20.0759,3875820,24.1323,484.4782
traces,compress_7_trace,399.4104585647583,Pass,1156.692232131958,130000052,28732206,4.5245,15042451,644966,0.5235,0.0224,4.2876%,4.9613,12469331,19.3333,95.9179,65000052,14081941,4.6158,7447474,302030,0.5289,0.0214,4.0555%,4.6466,5930995,19.6371,91.2460
traces,int_36_trace,201.8018684387207,Pass,567.5764560699463,53761949,55518606,0.9684,7755130,1279566,0.1397,0.0230,16.4996%,23.8006,32705199,25.5596,608.3336,27761949,25766508,1.0774,4116890,679454,0.1598,0.0264,16.5041%,24.4743,15810809,23.2699,569.5137
