Workload,Run,TraceSize,Status,ExecTime,Instr,Cycles,IPC,NumBr,MispBr,BrPerCyc,MispBrPerCyc,MR,MPKI,CycWP,CycWPAvg,CycWPPKI,50PercInstr,50PercCycles,50PercIPC,50PercNumBr,50PercMispBr,50PercBrPerCyc,50PercMispBrPerCyc,50PercMR,50PercMPKI,50PercCycWP,50PercCycWPAvg,50PercCycWPPKI
traces,fp_13_trace,84.63656806945801,Pass,418.7049551010132,40000016,22904909,1.7464,6454282,935224,0.2818,0.0408,14.4900%,23.3806,18853341,20.1592,471.3333,20000016,11307553,1.7687,3233671,468770,0.2860,0.0415,14.4965%,23.4385,9294801,19.8281,464.7397
traces,media_3_trace,113.6968765258789,Pass,254.1229429244995,20000046,7971191,2.5090,1130407,340261,0.1418,0.0427,30.1008%,17.0130,5595803,16.4456,279.7895,10000046,3861432,2.5897,568763,171101,0.1473,0.0443,30.0830%,17.1100,2808611,16.4149,280.8598
traces,infra_15_trace,101.22027969360352,Pass,470.0994930267334,50000052,48114139,1.0392,6957507,883762,0.1446,0.0184,12.7023%,17.6752,44213553,50.0288,884.2701,25000052,10322312,2.4219,3466846,405097,0.3359,0.0392,11.6849%,16.2038,8305971,20.5037,332.2381
traces,web_25_trace,46.08135795593262,Pass,173.31916117668152,14999989,14150973,1.0600,2548670,478918,0.1801,0.0338,18.7909%,31.9279,10319287,21.5471,687.9530,7999989,6309565,1.2679,1342253,246552,0.2127,0.0391,18.3685%,30.8190,5288077,21.4481,661.0105
traces,compress_7_trace,399.4104585647583,Pass,1126.7386639118195,130000052,39672812,3.2768,15042451,1469226,0.3792,0.0370,9.7672%,11.3017,23946734,16.2989,184.2056,65000052,18687392,3.4783,7447474,631253,0.3985,0.0338,8.4761%,9.7116,10738261,17.0110,165.2039
traces,int_36_trace,201.8018684387207,Pass,550.2150890827179,53761949,63876716,0.8417,7755130,1772335,0.1214,0.0277,22.8537%,32.9663,41590518,23.4665,773.6051,27761949,29356508,0.9457,4116890,899474,0.1402,0.0306,21.8484%,32.3995,19655341,21.8520,707.9957
