Workload,Run,TraceSize,Status,ExecTime,Instr,Cycles,IPC,NumBr,MispBr,BrPerCyc,MispBrPerCyc,MR,MPKI,CycWP,CycWPAvg,CycWPPKI,50PercInstr,50PercCycles,50PercIPC,50PercNumBr,50PercMispBr,50PercBrPerCyc,50PercMispBrPerCyc,50PercMR,50PercMPKI,50PercCycWP,50PercCycWPAvg,50PercCycWPPKI
traces,fp_13_trace,84.63656806945801,Pass,408.9490239620209,40000016,23101872,1.7315,6454282,946378,0.2794,0.0410,14.6628%,23.6594,19023287,20.1012,475.5820,20000016,11407159,1.7533,3233671,474512,0.2835,0.0416,14.6741%,23.7256,9379244,19.7661,468.9618
traces,media_3_trace,113.6968765258789,Pass,247.2321331501007,20000046,7800792,2.5638,1130407,324522,0.1449,0.0416,28.7084%,16.2261,5417820,16.6948,270.8904,10000046,3782865,2.6435,568763,163644,0.1504,0.0433,28.7719%,16.3643,2728900,16.6758,272.8887
traces,infra_15_trace,101.22027969360352,Pass,460.88155913352966,50000052,44155606,1.1324,6957507,802668,0.1576,0.0182,11.5367%,16.0533,40174477,50.0512,803.4887,25000052,9941263,2.5148,3466846,371252,0.3487,0.0373,10.7086%,14.8500,7906960,21.2981,316.2777
traces,web_25_trace,46.08135795593262,Pass,170.04170775413513,14999989,13667477,1.0975,2548670,450413,0.1865,0.0330,17.6725%,30.0276,9809082,21.7780,653.9393,7999989,5959718,1.3423,1342253,224469,0.2252,0.0377,16.7233%,28.0587,4917201,21.9059,614.6510
traces,compress_7_trace,399.4104585647583,Pass,2410.6995239257812,130000052,39796733,3.2666,15042451,1489720,0.3780,0.0374,9.9034%,11.4594,24132698,16.1995,185.6361,65000052,18661689,3.4831,7447474,636642,0.3991,0.0341,8.5484%,9.7945,10737504,16.8658,165.1922
traces,int_36_trace,201.8018684387207,Pass,541.9639880657196,53761949,63074148,0.8524,7755130,1752247,0.1230,0.0278,22.5947%,32.5927,40564072,23.1497,754.5127,27761949,28902915,0.9605,4116890,895236,0.1424,0.0310,21.7454%,32.2469,19087373,21.3211,687.5372
