Workload,Run,TraceSize,Status,ExecTime,Instr,Cycles,IPC,NumBr,MispBr,BrPerCyc,MispBrPerCyc,MR,MPKI,CycWP,CycWPAvg,CycWPPKI,50PercInstr,50PercCycles,50PercIPC,50PercNumBr,50PercMispBr,50PercBrPerCyc,50PercMispBrPerCyc,50PercMR,50PercMPKI,50PercCycWP,50PercCycWPAvg,50PercCycWPPKI
traces,fp_13_trace,84.63656806945801,Pass,412.29395294189453,40000016,22969640,1.7414,6454282,933511,0.2810,0.0406,14.4634%,23.3378,18938738,20.2876,473.4683,20000016,11338221,1.7639,3233671,467821,0.2852,0.0413,14.4672%,23.3910,9333658,19.9513,466.6825
traces,media_3_trace,113.6968765258789,Pass,271.98689675331116,20000046,7103668,2.8155,1130407,274490,0.1591,0.0386,24.2824%,13.7245,4656933,16.9658,232.8461,10000046,3414727,2.9285,568763,137525,0.1666,0.0403,24.1797%,13.7524,2327796,16.9263,232.7785
traces,infra_15_trace,101.22027969360352,Pass,465.8385488986969,50000052,45900811,1.0893,6957507,815507,0.1516,0.0178,11.7213%,16.3101,41894539,51.3724,837.8899,25000052,9771412,2.5585,3466846,365261,0.3548,0.0374,10.5358%,14.6104,7693775,21.0638,307.7504
traces,web_25_trace,46.08135795593262,Pass,169.40575289726257,14999989,13437415,1.1163,2548670,429817,0.1897,0.0320,16.8644%,28.6545,9556604,22.2341,637.1074,7999989,5905013,1.3548,1342253,218694,0.2273,0.0370,16.2931%,27.3368,4857747,22.2125,607.2192
traces,compress_7_trace,399.4104585647583,Pass,1126.8895437717438,130000052,34490374,3.7692,15042451,1122390,0.4361,0.0325,7.4615%,8.6338,18511970,16.4933,142.3997,65000052,16619976,3.9110,7447474,498006,0.4481,0.0300,6.6869%,7.6616,8598443,17.2657,132.2836
traces,int_36_trace,201.8018684387207,Pass,545.8747770786285,53761949,61097951,0.8799,7755130,1580457,0.1269,0.0259,20.3795%,29.3973,38647592,24.4534,718.8652,27761949,28431048,0.9765,4116890,823589,0.1448,0.0290,20.0051%,29.6661,18648532,22.6430,671.7299
