Workload,Run,TraceSize,Status,ExecTime,Instr,Cycles,IPC,NumBr,MispBr,BrPerCyc,MispBrPerCyc,MR,MPKI,CycWP,CycWPAvg,CycWPPKI,50PercInstr,50PercCycles,50PercIPC,50PercNumBr,50PercMispBr,50PercBrPerCyc,50PercMispBrPerCyc,50PercMR,50PercMPKI,50PercCycWP,50PercCycWPAvg,50PercCycWPPKI
traces,fp_13_trace,84.63656806945801,Pass,411.6417510509491,40000016,23237804,1.7213,6454282,949116,0.2777,0.0408,14.7052%,23.7279,19200254,20.2296,480.0062,20000016,11472247,1.7433,3233671,475908,0.2819,0.0415,14.7173%,23.7954,9465188,19.8887,473.2590
traces,media_3_trace,113.6968765258789,Pass,250.54276609420776,20000046,6107592,3.2746,1130407,203001,0.1851,0.0332,17.9582%,10.1500,3565734,17.5651,178.2863,10000046,2918747,3.4261,568763,101911,0.1949,0.0349,17.9180%,10.1911,1784964,17.5149,178.4956
traces,infra_15_trace,101.22027969360352,Pass,465.9656970500946,50000052,40942712,1.2212,6957507,659428,0.1699,0.0161,9.4779%,13.1885,36709297,55.6684,734.1852,25000052,8842982,2.8271,3466846,304196,0.3920,0.0344,8.7744%,12.1678,6710962,22.0613,268.4379
traces,web_25_trace,46.08135795593262,Pass,170.56106090545654,14999989,12107367,1.2389,2548670,348026,0.2105,0.0287,13.6552%,23.2018,8149552,23.4165,543.3039,7999989,5022350,1.5929,1342253,165003,0.2673,0.0329,12.2930%,20.6254,3926880,23.7988,490.8607
traces,compress_7_trace,399.4104585647583,Pass,1130.7102510929108,130000052,30398706,4.2765,15042451,758647,0.4948,0.0250,5.0434%,5.8357,14241761,18.7726,109.5520,65000052,14812166,4.3883,7447474,350991,0.5028,0.0237,4.7129%,5.3999,6712555,19.1246,103.2700
traces,int_36_trace,201.8018684387207,Pass,547.3717529773712,53761949,55934773,0.9612,7755130,1306717,0.1386,0.0234,16.8497%,24.3056,33173662,25.3870,617.0472,27761949,25906315,1.0716,4116890,689259,0.1589,0.0266,16.7422%,24.8275,15984498,23.1908,575.7700
