Workload,Run,TraceSize,Status,ExecTime,Instr,Cycles,IPC,NumBr,MispBr,BrPerCyc,MispBrPerCyc,MR,MPKI,CycWP,CycWPAvg,CycWPPKI,50PercInstr,50PercCycles,50PercIPC,50PercNumBr,50PercMispBr,50PercBrPerCyc,50PercMispBrPerCyc,50PercMR,50PercMPKI,50PercCycWP,50PercCycWPAvg,50PercCycWPPKI
traces,fp_13_trace,84.63656806945801,Pass,546.0192239284515,40000016,22993727,1.7396,6454282,935363,0.2807,0.0407,14.4921%,23.3841,18962529,20.2729,474.0630,20000016,11358356,1.7608,3233671,468952,0.2847,0.0413,14.5022%,23.4476,9353803,19.9462,467.6898
traces,media_3_trace,113.6968765258789,Pass,351.8281338214874,20000046,6429017,3.1109,1130407,225291,0.1758,0.0350,19.9301%,11.2645,3917472,17.3885,195.8731,10000046,3072691,3.2545,568763,112562,0.1851,0.0366,19.7907%,11.2561,1952467,17.3457,195.2458
traces,infra_15_trace,101.22027969360352,Pass,617.1097900867462,50000052,42830550,1.1674,6957507,703532,0.1624,0.0164,10.1118%,14.0706,38689792,54.9936,773.7950,25000052,8961887,2.7896,3466846,310514,0.3868,0.0346,8.9567%,12.4205,6828443,21.9908,273.1372
traces,web_25_trace,46.08135795593262,Pass,208.10965180397034,14999989,12706527,1.1805,2548670,386681,0.2006,0.0304,15.1719%,25.7788,8779202,22.7040,585.2806,7999989,5419621,1.4761,1342253,189720,0.2477,0.0350,14.1344%,23.7150,4343647,22.8950,542.9566
traces,compress_7_trace,399.4104585647583,Pass,1300.4000911712646,130000052,31608138,4.1129,15042451,898104,0.4759,0.0284,5.9705%,6.9085,15532756,17.2951,119.4827,65000052,15349757,4.2346,7447474,408112,0.4852,0.0266,5.4799%,6.2786,7290844,17.8648,112.1667
traces,int_36_trace,201.8018684387207,Pass,716.6701459884644,53761949,58271897,0.9226,7755130,1428122,0.1331,0.0245,18.4152%,26.5638,35653643,24.9654,663.1762,27761949,27150188,1.0225,4116890,757270,0.1516,0.0279,18.3942%,27.2773,17289362,22.8312,622.7719
