Workload,Run,TraceSize,Status,ExecTime,Instr,Cycles,IPC,NumBr,MispBr,BrPerCyc,MispBrPerCyc,MR,MPKI,CycWP,CycWPAvg,CycWPPKI,50PercInstr,50PercCycles,50PercIPC,50PercNumBr,50PercMispBr,50PercBrPerCyc,50PercMispBrPerCyc,50PercMR,50PercMPKI,50PercCycWP,50PercCycWPAvg,50PercCycWPPKI
traces,fp_13_trace,84.63656806945801,Pass,418.6671209335327,40000016,23164403,1.7268,6454282,944104,0.2786,0.0408,14.6276%,23.6026,19133182,20.2660,478.3294,20000016,11443144,1.7478,3233671,473468,0.2826,0.0414,14.6418%,23.6734,9439205,19.9363,471.9599
traces,media_3_trace,113.6968765258789,Pass,256.5557360649109,20000046,5802525,3.4468,1130407,180285,0.1948,0.0311,15.9487%,9.0142,3222411,17.8740,161.1202,10000046,2743949,3.6444,568763,89111,0.2073,0.0325,15.6675%,8.9111,1589185,17.8338,158.9178
traces,infra_15_trace,101.22027969360352,Pass,473.37135791778564,50000052,41426178,1.2070,6957507,650317,0.1679,0.0157,9.3470%,13.0063,37194170,57.1939,743.8826,25000052,8651844,2.8896,3466846,291232,0.4007,0.0337,8.4005%,11.6493,6497257,22.3096,259.8897
traces,web_25_trace,46.08135795593262,Pass,174.33210110664368,14999989,11969055,1.2532,2548670,338415,0.2129,0.0283,13.2781%,22.5610,8003047,23.6486,533.5369,7999989,4983212,1.6054,1342253,160969,0.2694,0.0323,11.9924%,20.1212,3886441,24.1440,485.8058
traces,compress_7_trace,399.4104585647583,Pass,1145.8266689777374,130000052,28472144,4.5659,15042451,627470,0.5283,0.0220,4.1713%,4.8267,12187338,19.4230,93.7487,65000052,13962805,4.6552,7447474,294285,0.5334,0.0211,3.9515%,4.5275,5801042,19.7123,89.2467
traces,int_36_trace,201.8018684387207,Pass,555.9144217967987,53761949,55507121,0.9686,7755130,1278789,0.1397,0.0230,16.4896%,23.7861,32697912,25.5694,608.1980,27761949,25768650,1.0774,4116890,680961,0.1598,0.0264,16.5407%,24.5286,15806674,23.2123,569.3647
