Workload,Run,TraceSize,Status,ExecTime,Instr,Cycles,IPC,NumBr,MispBr,BrPerCyc,MispBrPerCyc,MR,MPKI,CycWP,CycWPAvg,CycWPPKI,50PercInstr,50PercCycles,50PercIPC,50PercNumBr,50PercMispBr,50PercBrPerCyc,50PercMispBrPerCyc,50PercMR,50PercMPKI,50PercCycWP,50PercCycWPAvg,50PercCycWPPKI
traces,fp_13_trace,84.63656806945801,Pass,416.7388401031494,40000016,23086477,1.7326,6454282,945769,0.2796,0.0410,14.6534%,23.6442,19007434,20.0973,475.1857,20000016,11399094,1.7545,3233671,474179,0.2837,0.0416,14.6638%,23.7089,9370942,19.7625,468.5467
traces,media_3_trace,113.6968765258789,Pass,254.08292508125305,20000046,6593218,3.0334,1130407,243632,0.1714,0.0370,21.5526%,12.1816,4087537,16.7775,204.3764,10000046,3164012,3.1606,568763,122504,0.1798,0.0387,21.5387%,12.2503,2048114,16.7188,204.8105
traces,infra_15_trace,101.22027969360352,Pass,469.48375511169434,50000052,40040876,1.2487,6957507,665315,0.1738,0.0166,9.5625%,13.3063,35730444,53.7046,714.6081,25000052,9251679,2.7022,3466846,323339,0.3747,0.0349,9.3266%,12.9335,7106692,21.9791,284.2671
traces,web_25_trace,46.08135795593262,Pass,174.95401191711426,14999989,12464215,1.2034,2548670,371236,0.2045,0.0298,14.5659%,24.7491,8528818,22.9741,568.5883,7999989,5167494,1.5481,1342253,172946,0.2597,0.0335,12.8848%,21.6183,4078946,23.5851,509.8690
traces,compress_7_trace,399.4104585647583,Pass,1148.0380578041077,130000052,33626533,3.8660,15042451,985203,0.4473,0.0293,6.5495%,7.5785,17495235,17.7580,134.5787,65000052,16218454,4.0078,7447474,443213,0.4592,0.0273,5.9512%,6.8187,8142867,18.3724,125.2748
traces,int_36_trace,201.8018684387207,Pass,553.2912037372589,53761949,57023671,0.9428,7755130,1406860,0.1360,0.0247,18.1410%,26.1683,34066997,24.2149,633.6637,27761949,25887570,1.0724,4116890,722491,0.1590,0.0279,17.5494%,26.0245,15837291,21.9204,570.4675
