Workload,Run,TraceSize,Status,ExecTime,Instr,Cycles,IPC,NumBr,MispBr,BrPerCyc,MispBrPerCyc,MR,MPKI,CycWP,CycWPAvg,CycWPPKI,50PercInstr,50PercCycles,50PercIPC,50PercNumBr,50PercMispBr,50PercBrPerCyc,50PercMispBrPerCyc,50PercMR,50PercMPKI,50PercCycWP,50PercCycWPAvg,50PercCycWPPKI
traces,fp_13_trace,84.63656806945801,Pass,410.22126603126526,40000016,26198011,1.5268,6454282,1105752,0.2464,0.0422,17.1321%,27.6438,22214143,20.0896,555.3534,20000016,12923858,1.5475,3233671,552677,0.2502,0.0428,17.0913%,27.6338,10942178,19.7985,547.1085
traces,media_3_trace,113.6968765258789,Pass,250.55931210517883,20000046,7936528,2.5200,1130407,331702,0.1424,0.0418,29.3436%,16.5851,5557893,16.7557,277.8940,10000046,3835914,2.6070,568763,166723,0.1483,0.0435,29.3133%,16.6722,2784117,16.6991,278.4104
traces,infra_15_trace,101.22027969360352,Pass,463.5449891090393,50000052,48500628,1.0309,6957507,900324,0.1435,0.0186,12.9403%,18.0065,44567274,49.5014,891.3446,25000052,10689377,2.3388,3466846,430358,0.3243,0.0403,12.4135%,17.2143,8678747,20.1663,347.1492
traces,web_25_trace,46.08135795593262,Pass,172.3664619922638,14999989,14190538,1.0570,2548670,477852,0.1796,0.0337,18.7491%,31.8568,10362379,21.6853,690.8258,7999989,6477523,1.2350,1342253,253029,0.2072,0.0391,18.8511%,31.6287,5465086,21.5987,683.1367
traces,compress_7_trace,399.4104585647583,Pass,1127.6493010520935,130000052,36493589,3.5623,15042451,1259106,0.4122,0.0345,8.3704%,9.6854,20608963,16.3679,158.5304,65000052,17605586,3.6920,7447474,566999,0.4230,0.0322,7.6133%,8.7231,9628042,16.9807,148.1236
traces,int_36_trace,201.8018684387207,Pass,543.8987488746643,53761949,64022910,0.8397,7755130,1773889,0.1211,0.0277,22.8737%,32.9953,41801078,23.5647,777.5216,27761949,29603341,0.9378,4116890,909390,0.1391,0.0307,22.0892%,32.7567,19906016,21.8894,717.0252
