Workload,Run,TraceSize,Status,ExecTime,Instr,Cycles,IPC,NumBr,MispBr,BrPerCyc,MispBrPerCyc,MR,MPKI,CycWP,CycWPAvg,CycWPPKI,50PercInstr,50PercCycles,50PercIPC,50PercNumBr,50PercMispBr,50PercBrPerCyc,50PercMispBrPerCyc,50PercMR,50PercMPKI,50PercCycWP,50PercCycWPAvg,50PercCycWPPKI
traces,fp_13_trace,84.63656806945801,Pass,429.5057621002197,40000016,25747756,1.5535,6454282,1089895,0.2507,0.0423,16.8864%,27.2474,21739033,19.9460,543.4756,20000016,12696779,1.5752,3233671,544489,0.2547,0.0429,16.8381%,27.2244,10703155,19.6572,535.1573
traces,media_3_trace,113.6968765258789,Pass,261.8867988586426,20000046,8095393,2.4705,1130407,343884,0.1396,0.0425,30.4213%,17.1942,5728532,16.6583,286.4259,10000046,3915523,2.5539,568763,172790,0.1453,0.0441,30.3800%,17.2789,2869099,16.6045,286.9086
traces,infra_15_trace,101.22027969360352,Pass,488.47896909713745,50000052,48455485,1.0319,6957507,908830,0.1436,0.0188,13.0626%,18.1766,44528942,48.9959,890.5779,25000052,10772484,2.3207,3466846,438719,0.3218,0.0407,12.6547%,17.5487,8774981,20.0014,350.9985
traces,web_25_trace,46.08135795593262,Pass,178.9817349910736,14999989,14299986,1.0490,2548670,485718,0.1782,0.0340,19.0577%,32.3812,10482999,21.5825,698.8671,7999989,6528140,1.2255,1342253,256607,0.2056,0.0393,19.1176%,32.0759,5520439,21.5132,690.0558
traces,compress_7_trace,399.4104585647583,Pass,1166.5790379047394,130000052,38735313,3.3561,15042451,1410905,0.3883,0.0364,9.3795%,10.8531,22928607,16.2510,176.3738,65000052,18472220,3.5188,7447474,623382,0.4032,0.0337,8.3704%,9.5905,10510935,16.8611,161.7066
traces,int_36_trace,201.8018684387207,Pass,569.3221569061279,53761949,64335635,0.8356,7755130,1791409,0.1205,0.0278,23.0997%,33.3211,42148491,23.5281,783.9837,27761949,29510782,0.9407,4116890,901041,0.1395,0.0305,21.8864%,32.4560,19820327,21.9971,713.9386
