Workload,Run,TraceSize,Status,ExecTime,Instr,Cycles,IPC,NumBr,MispBr,BrPerCyc,MispBrPerCyc,MR,MPKI,CycWP,CycWPAvg,CycWPPKI,50PercInstr,50PercCycles,50PercIPC,50PercNumBr,50PercMispBr,50PercBrPerCyc,50PercMispBrPerCyc,50PercMR,50PercMPKI,50PercCycWP,50PercCycWPAvg,50PercCycWPPKI
traces,fp_13_trace,84.63656806945801,Pass,418.14878010749817,40000016,23241191,1.7211,6454282,949307,0.2777,0.0408,14.7082%,23.7327,19203070,20.2285,480.0766,20000016,11472965,1.7432,3233671,475851,0.2819,0.0415,14.7155%,23.7925,9465609,19.8920,473.2801
traces,media_3_trace,113.6968765258789,Pass,257.62020087242126,20000046,5597717,3.5729,1130407,169660,0.2019,0.0303,15.0088%,8.4830,2998096,17.6712,149.9045,10000046,2648324,3.7760,568763,84332,0.2148,0.0318,14.8273%,8.4332,1484974,17.6087,148.4967
traces,infra_15_trace,101.22027969360352,Pass,473.3860149383545,50000052,39595175,1.2628,6957507,604392,0.1757,0.0153,8.6869%,12.0878,35283227,58.3781,705.6638,25000052,8586477,2.9116,3466846,285114,0.4038,0.0332,8.2240%,11.4045,6414163,22.4968,256.5660
traces,web_25_trace,46.08135795593262,Pass,177.38817405700684,14999989,11678235,1.2844,2548670,322067,0.2182,0.0276,12.6367%,21.4711,7691810,23.8826,512.7877,7999989,4798228,1.6673,1342253,150343,0.2797,0.0313,11.2008%,18.7929,3687903,24.5299,460.9885
traces,compress_7_trace,399.4104585647583,Pass,1158.0551159381866,130000052,29041841,4.4763,15042451,670212,0.5180,0.0231,4.4555%,5.1555,12757489,19.0350,98.1345,65000052,14120409,4.6033,7447474,305766,0.5274,0.0217,4.1056%,4.7041,5952367,19.4671,91.5748
traces,int_36_trace,201.8018684387207,Pass,556.1414160728455,53761949,52927153,1.0158,7755130,1132876,0.1465,0.0214,14.6081%,21.0721,29901327,26.3942,556.1801,27761949,24328990,1.1411,4116890,597310,0.1692,0.0246,14.5088%,21.5154,14248503,23.8545,513.2386
