Workload,Run,TraceSize,Status,ExecTime,Instr,Cycles,IPC,NumBr,MispBr,BrPerCyc,MispBrPerCyc,MR,MPKI,CycWP,CycWPAvg,CycWPPKI,50PercInstr,50PercCycles,50PercIPC,50PercNumBr,50PercMispBr,50PercBrPerCyc,50PercMispBrPerCyc,50PercMR,50PercMPKI,50PercCycWP,50PercCycWPAvg,50PercCycWPPKI
traces,fp_13_trace,84.63656806945801,Pass,416.6640613079071,40000016,23370664,1.7115,6454282,950986,0.2762,0.0407,14.7342%,23.7746,19344958,20.3420,483.6238,20000016,11540259,1.7331,3233671,476753,0.2802,0.0413,14.7434%,23.8376,9538891,20.0080,476.9442
traces,media_3_trace,113.6968765258789,Pass,252.87157678604126,20000046,7253816,2.7572,1130407,284858,0.1558,0.0393,25.1996%,14.2429,4821628,16.9264,241.0808,10000046,3494886,2.8613,568763,142953,0.1627,0.0409,25.1340%,14.2952,2415323,16.8959,241.5312
traces,infra_15_trace,101.22027969360352,Pass,468.69482374191284,50000052,46259864,1.0809,6957507,829353,0.1504,0.0179,11.9203%,16.5870,42268775,50.9660,845.3746,25000052,9911963,2.5222,3466846,376576,0.3498,0.0380,10.8622%,15.0630,7850380,20.8467,314.0145
traces,web_25_trace,46.08135795593262,Pass,172.9605529308319,14999989,13466118,1.1139,2548670,432699,0.1893,0.0321,16.9774%,28.8466,9587210,22.1568,639.1478,7999989,5918947,1.3516,1342253,220152,0.2268,0.0372,16.4017%,27.5190,4871952,22.1299,608.9948
traces,compress_7_trace,399.4104585647583,Pass,1135.1694250106812,130000052,36319851,3.5793,15042451,1239472,0.4142,0.0341,8.2398%,9.5344,20386972,16.4481,156.8228,65000052,17553277,3.7030,7447474,557275,0.4243,0.0317,7.4827%,8.5735,9548770,17.1348,146.9040
traces,int_36_trace,201.8018684387207,Pass,549.896154165268,53761949,61372169,0.8760,7755130,1594266,0.1264,0.0260,20.5576%,29.6542,38925106,24.4157,724.0271,27761949,28372972,0.9785,4116890,822314,0.1451,0.0290,19.9742%,29.6202,18594338,22.6122,669.7778
