Workload,Run,TraceSize,Status,ExecTime,Instr,Cycles,IPC,NumBr,MispBr,BrPerCyc,MispBrPerCyc,MR,MPKI,CycWP,CycWPAvg,CycWPPKI,50PercInstr,50PercCycles,50PercIPC,50PercNumBr,50PercMispBr,50PercBrPerCyc,50PercMispBrPerCyc,50PercMR,50PercMPKI,50PercCycWP,50PercCycWPAvg,50PercCycWPPKI
traces,fp_13_trace,84.63656806945801,Pass,478.0190851688385,40000016,22979043,1.7407,6454282,934462,0.2809,0.0407,14.4782%,23.3615,18947321,20.2762,473.6828,20000016,11350033,1.7621,3233671,468699,0.2849,0.0413,14.4943%,23.4349,9345450,19.9391,467.2721
traces,media_3_trace,113.6968765258789,Pass,288.39519119262695,20000046,5301317,3.7727,1130407,146433,0.2132,0.0276,12.9540%,7.3216,2675753,18.2729,133.7873,10000046,2471065,4.0469,568763,70816,0.2302,0.0287,12.4509%,7.0816,1291799,18.2416,129.1793
traces,infra_15_trace,101.22027969360352,Pass,537.2858288288116,50000052,39813009,1.2559,6957507,590094,0.1748,0.0148,8.4814%,11.8019,35493649,60.1491,709.8722,25000052,8304311,3.0105,3466846,266407,0.4175,0.0321,7.6844%,10.6563,6113167,22.9467,244.5262
traces,web_25_trace,46.08135795593262,Pass,200.67965006828308,14999989,11505098,1.3038,2548670,311742,0.2215,0.0271,12.2316%,20.7828,7508954,24.0871,500.5973,7999989,4764271,1.6792,1342253,147683,0.2817,0.0310,11.0026%,18.4604,3650557,24.7189,456.3203
traces,compress_7_trace,399.4104585647583,Pass,1214.097100019455,130000052,27551572,4.7184,15042451,565221,0.5460,0.0205,3.7575%,4.3479,11165081,19.7535,85.8852,65000052,13488232,4.8190,7447474,263325,0.5521,0.0195,3.5358%,4.0512,5273518,20.0267,81.1310
traces,int_36_trace,201.8018684387207,Pass,621.4107041358948,53761949,52772300,1.0188,7755130,1121016,0.1470,0.0212,14.4552%,20.8515,29711408,26.5040,552.6475,27761949,24305816,1.1422,4116890,591690,0.1694,0.0243,14.3723%,21.3130,14211389,24.0183,511.9017
