Workload,Run,TraceSize,Status,ExecTime,Instr,Cycles,IPC,NumBr,MispBr,BrPerCyc,MispBrPerCyc,MR,MPKI,CycWP,CycWPAvg,CycWPPKI,50PercInstr,50PercCycles,50PercIPC,50PercNumBr,50PercMispBr,50PercBrPerCyc,50PercMispBrPerCyc,50PercMR,50PercMPKI,50PercCycWP,50PercCycWPAvg,50PercCycWPPKI
traces,fp_13_trace,84.63656806945801,Pass,418.45673394203186,40000016,23039906,1.7361,6454282,937481,0.2801,0.0407,14.5249%,23.4370,19007093,20.2746,475.1771,20000016,11374484,1.7583,3233671,470106,0.2843,0.0413,14.5378%,23.5053,9369404,19.9304,468.4698
traces,media_3_trace,113.6968765258789,Pass,256.5578238964081,20000046,5317603,3.7611,1130407,147676,0.2126,0.0278,13.0640%,7.3838,2691705,18.2271,134.5849,10000046,2483003,4.0274,568763,71649,0.2291,0.0289,12.5973%,7.1649,1304191,18.2025,130.4185
traces,infra_15_trace,101.22027969360352,Pass,472.01779985427856,50000052,39790759,1.2566,6957507,591208,0.1749,0.0149,8.4974%,11.8241,35470707,59.9970,709.4134,25000052,8332735,3.0002,3466846,267874,0.4161,0.0321,7.7267%,10.7149,6142687,22.9313,245.7070
traces,web_25_trace,46.08135795593262,Pass,176.64005398750305,14999989,11515634,1.3026,2548670,312305,0.2213,0.0271,12.2536%,20.8203,7519963,24.0789,501.3312,7999989,4758356,1.6813,1342253,147290,0.2821,0.0310,10.9733%,18.4113,3644441,24.7433,455.5558
traces,compress_7_trace,399.4104585647583,Pass,1155.9462411403656,130000052,27613038,4.7079,15042451,570000,0.5448,0.0206,3.7893%,4.3846,11232575,19.7063,86.4044,65000052,13511110,4.8109,7447474,264689,0.5512,0.0196,3.5541%,4.0721,5298466,20.0177,81.5148
traces,int_36_trace,201.8018684387207,Pass,554.2708690166473,53761949,52770274,1.0188,7755130,1120609,0.1470,0.0212,14.4499%,20.8439,29703492,26.5066,552.5003,27761949,24323587,1.1414,4116890,591723,0.1693,0.0243,14.3731%,21.3142,14232852,24.0532,512.6748
