Workload,Run,TraceSize,Status,ExecTime,Instr,Cycles,IPC,NumBr,MispBr,BrPerCyc,MispBrPerCyc,MR,MPKI,CycWP,CycWPAvg,CycWPPKI,50PercInstr,50PercCycles,50PercIPC,50PercNumBr,50PercMispBr,50PercBrPerCyc,50PercMispBrPerCyc,50PercMR,50PercMPKI,50PercCycWP,50PercCycWPAvg,50PercCycWPPKI
traces,fp_13_trace,84.63656806945801,Pass,525.5089638233185,40000016,23237651,1.7213,6454282,949372,0.2778,0.0409,14.7092%,23.7343,19199355,20.2232,479.9837,20000016,11476804,1.7426,3233671,476154,0.2818,0.0415,14.7249%,23.8077,9469304,19.8871,473.4648
traces,media_3_trace,113.6968765258789,Pass,321.2107892036438,20000046,6758997,2.9590,1130407,249340,0.1672,0.0369,22.0575%,12.4670,4276186,17.1500,213.8088,10000046,3247947,3.0789,568763,125347,0.1751,0.0386,22.0385%,12.5346,2143283,17.0988,214.3273
traces,infra_15_trace,101.22027969360352,Pass,593.3671879768372,50000052,42361236,1.1803,6957507,715763,0.1642,0.0169,10.2876%,14.3152,38239935,53.4254,764.7979,25000052,9174240,2.7250,3466846,324599,0.3779,0.0354,9.3629%,12.9839,7064847,21.7648,282.5933
traces,web_25_trace,46.08135795593262,Pass,230.34309887886047,14999989,12856034,1.1668,2548670,397361,0.1982,0.0309,15.5909%,26.4908,8939861,22.4981,595.9912,7999989,5481181,1.4595,1342253,194688,0.2449,0.0355,14.5046%,24.3360,4408472,22.6438,551.0598
traces,compress_7_trace,399.4104585647583,Pass,1282.9859127998352,130000052,35768379,3.6345,15042451,1197849,0.4206,0.0335,7.9631%,9.2142,19878599,16.5952,152.9122,65000052,17061300,3.8098,7447474,523421,0.4365,0.0307,7.0282%,8.0526,9054679,17.2990,139.3026
traces,int_36_trace,201.8018684387207,Pass,688.8910541534424,53761949,58688708,0.9161,7755130,1458365,0.1321,0.0248,18.8052%,27.1263,36109350,24.7602,671.6525,27761949,27128305,1.0234,4116890,762496,0.1518,0.0281,18.5212%,27.4655,17287251,22.6719,622.6959
