Workload,Run,TraceSize,Status,ExecTime,Instr,Cycles,IPC,NumBr,MispBr,BrPerCyc,MispBrPerCyc,MR,MPKI,CycWP,CycWPAvg,CycWPPKI,50PercInstr,50PercCycles,50PercIPC,50PercNumBr,50PercMispBr,50PercBrPerCyc,50PercMispBrPerCyc,50PercMR,50PercMPKI,50PercCycWP,50PercCycWPAvg,50PercCycWPPKI
traces,fp_13_trace,84.63656806945801,Pass,561.9882879257202,40000016,23385779,1.7104,6454282,951874,0.2760,0.0407,14.7479%,23.7968,19358616,20.3374,483.9652,20000016,11542716,1.7327,3233671,477118,0.2801,0.0413,14.7547%,23.8559,9540182,19.9954,477.0087
traces,media_3_trace,113.6968765258789,Pass,330.0430200099945,20000046,6603375,3.0288,1130407,238804,0.1712,0.0362,21.1255%,11.9402,4106436,17.1958,205.3213,10000046,3167990,3.1566,568763,119795,0.1795,0.0378,21.0624%,11.9794,2056217,17.1645,205.6208
traces,infra_15_trace,101.22027969360352,Pass,633.9862689971924,50000052,42489600,1.1768,6957507,708437,0.1637,0.0167,10.1823%,14.1687,38350888,54.1345,767.0170,25000052,9058025,2.7600,3466846,316758,0.3827,0.0350,9.1368%,12.6703,6934966,21.8936,277.3981
traces,web_25_trace,46.08135795593262,Pass,218.03258800506592,14999989,12770049,1.1746,2548670,391064,0.1996,0.0306,15.3438%,26.0710,8846631,22.6220,589.7758,7999989,5440931,1.4703,1342253,191478,0.2467,0.0352,14.2654%,23.9348,4365067,22.7967,545.6341
traces,compress_7_trace,399.4104585647583,Pass,1343.7963709831238,130000052,33702587,3.8573,15042451,1045284,0.4463,0.0310,6.9489%,8.0406,17718753,16.9511,136.2980,65000052,16388850,3.9661,7447474,478810,0.4544,0.0292,6.4292%,7.3663,8359834,17.4596,128.6127
traces,int_36_trace,201.8018684387207,Pass,739.0822541713715,53761949,58463826,0.9196,7755130,1436741,0.1326,0.0246,18.5263%,26.7241,35856154,24.9566,666.9430,27761949,27104267,1.0243,4116890,756643,0.1519,0.0279,18.3790%,27.2547,17255330,22.8051,621.5461
