Workload,Run,TraceSize,Status,ExecTime,Instr,Cycles,IPC,NumBr,MispBr,BrPerCyc,MispBrPerCyc,MR,MPKI,CycWP,CycWPAvg,CycWPPKI,50PercInstr,50PercCycles,50PercIPC,50PercNumBr,50PercMispBr,50PercBrPerCyc,50PercMispBrPerCyc,50PercMR,50PercMPKI,50PercCycWP,50PercCycWPAvg,50PercCycWPPKI
traces,fp_13_trace,84.63656806945801,Pass,472.3924870491028,40000016,23338647,1.7139,6454282,951219,0.2765,0.0408,14.7378%,23.7805,19313779,20.3042,482.8443,20000016,11517463,1.7365,3233671,476575,0.2808,0.0414,14.7379%,23.8287,9516157,19.9678,475.8075
traces,media_3_trace,113.6968765258789,Pass,284.2318980693817,20000046,5050951,3.9597,1130407,130783,0.2238,0.0259,11.5695%,6.5391,2398547,18.3399,119.9271,10000046,2349925,4.2555,568763,63128,0.2420,0.0269,11.0992%,6.3128,1157171,18.3306,115.7166
traces,infra_15_trace,101.22027969360352,Pass,528.7321510314941,50000052,38526085,1.2978,6957507,579665,0.1806,0.0150,8.3315%,11.5933,34156408,58.9244,683.1274,25000052,8234978,3.0358,3466846,262388,0.4210,0.0319,7.5685%,10.4955,6034930,23.0000,241.3967
traces,web_25_trace,46.08135795593262,Pass,194.19068384170532,14999989,11060913,1.3561,2548670,284168,0.2304,0.0257,11.1497%,18.9445,7043187,24.7853,469.5461,7999989,4548143,1.7590,1342253,134544,0.2951,0.0296,10.0237%,16.8180,3426707,25.4690,428.3390
traces,compress_7_trace,399.4104585647583,Pass,1238.2154278755188,130000052,27516140,4.7245,15042451,565100,0.5467,0.0205,3.7567%,4.3469,11113037,19.6656,85.4849,65000052,13425659,4.8415,7447474,259961,0.5547,0.0194,3.4906%,3.9994,5199371,20.0006,79.9903
traces,int_36_trace,201.8018684387207,Pass,613.3816428184509,53761949,50137970,1.0723,7755130,968839,0.1547,0.0193,12.4929%,18.0209,26858114,27.7220,499.5748,27761949,22854793,1.2147,4116890,507570,0.1801,0.0222,12.3290%,18.2829,12662385,24.9471,456.1058
