Workload,Run,TraceSize,Status,ExecTime,Instr,Cycles,IPC,NumBr,MispBr,BrPerCyc,MispBrPerCyc,MR,MPKI,CycWP,CycWPAvg,CycWPPKI,50PercInstr,50PercCycles,50PercIPC,50PercNumBr,50PercMispBr,50PercBrPerCyc,50PercMispBrPerCyc,50PercMR,50PercMPKI,50PercCycWP,50PercCycWPAvg,50PercCycWPPKI
traces,fp_13_trace,84.63656806945801,Pass,410.3556351661682,40000016,23047124,1.7356,6454282,937947,0.2800,0.0407,14.5322%,23.4487,19015149,20.2732,475.3785,20000016,11378341,1.7577,3233671,470277,0.2842,0.0413,14.5431%,23.5138,9373587,19.9321,468.6790
traces,media_3_trace,113.6968765258789,Pass,249.49014616012573,20000046,5773326,3.4642,1130407,177748,0.1958,0.0308,15.7242%,8.8874,3188658,17.9392,159.4325,10000046,2728082,3.6656,568763,87669,0.2085,0.0321,15.4140%,8.7669,1569201,17.8992,156.9194
traces,infra_15_trace,101.22027969360352,Pass,464.750205039978,50000052,41504465,1.2047,6957507,648838,0.1676,0.0156,9.3257%,12.9767,37262488,57.4296,745.2490,25000052,8622677,2.8993,3466846,289227,0.4021,0.0335,8.3427%,11.5691,6466095,22.3565,258.6433
traces,web_25_trace,46.08135795593262,Pass,170.85237765312195,14999989,11947714,1.2555,2548670,337964,0.2133,0.0283,13.2604%,22.5309,7981329,23.6159,532.0890,7999989,4978886,1.6068,1342253,161195,0.2696,0.0324,12.0093%,20.1494,3882148,24.0836,485.2692
traces,compress_7_trace,399.4104585647583,Pass,1155.0877010822296,130000052,28330325,4.5887,15042451,617293,0.5310,0.0218,4.1037%,4.7484,12040970,19.5061,92.6228,65000052,13913065,4.6719,7447474,290885,0.5353,0.0209,3.9058%,4.4752,5751728,19.7732,88.4881
traces,int_36_trace,201.8018684387207,Pass,550.9946539402008,53761949,55577643,0.9673,7755130,1281742,0.1395,0.0231,16.5277%,23.8411,32768149,25.5653,609.5045,27761949,25808807,1.0757,4116890,682583,0.1595,0.0264,16.5801%,24.5870,15850811,23.2218,570.9545
