Workload,Run,TraceSize,Status,ExecTime,Instr,Cycles,IPC,NumBr,MispBr,BrPerCyc,MispBrPerCyc,MR,MPKI,CycWP,CycWPAvg,CycWPPKI,50PercInstr,50PercCycles,50PercIPC,50PercNumBr,50PercMispBr,50PercBrPerCyc,50PercMispBrPerCyc,50PercMR,50PercMPKI,50PercCycWP,50PercCycWPAvg,50PercCycWPPKI
traces,fp_13_trace,84.63656806945801,Pass,416.520849943161,40000016,23106148,1.7311,6454282,946732,0.2793,0.0410,14.6683%,23.6683,19027519,20.0981,475.6878,20000016,11410155,1.7528,3233671,474728,0.2834,0.0416,14.6808%,23.7364,9382224,19.7634,469.1108
traces,media_3_trace,113.6968765258789,Pass,252.9452440738678,20000046,8305325,2.4081,1130407,365690,0.1361,0.0440,32.3503%,18.2845,5980491,16.3540,299.0239,10000046,4035778,2.4778,568763,184335,0.1409,0.0457,32.4098%,18.4334,3009816,16.3280,300.9802
traces,infra_15_trace,101.22027969360352,Pass,468.21236181259155,50000052,50195047,0.9961,6957507,904264,0.1386,0.0180,12.9970%,18.0853,46327751,51.2326,926.5541,25000052,10378992,2.4087,3466846,408315,0.3340,0.0393,11.7777%,16.3326,8367457,20.4927,334.6976
traces,web_25_trace,46.08135795593262,Pass,172.52512884140015,14999989,14303316,1.0487,2548670,491775,0.1782,0.0344,19.2954%,32.7850,10495807,21.3427,699.7210,7999989,6423180,1.2455,1342253,253890,0.2090,0.0395,18.9152%,31.7363,5412988,21.3202,676.6244
traces,compress_7_trace,399.4104585647583,Pass,1128.2018330097198,130000052,40466948,3.2125,15042451,1530484,0.3717,0.0378,10.1744%,11.7729,24829305,16.2232,190.9946,65000052,19092032,3.4046,7447474,662663,0.3901,0.0347,8.8978%,10.1948,11184253,16.8777,172.0653
traces,int_36_trace,201.8018684387207,Pass,550.1419489383698,53761949,66157963,0.8126,7755130,1918044,0.1172,0.0290,24.7326%,35.6766,43881761,22.8784,816.2234,27761949,30407003,0.9130,4116890,971207,0.1354,0.0319,23.5908%,34.9834,20691960,21.3054,745.3353
