Workload,Run,TraceSize,Status,ExecTime,Instr,Cycles,IPC,NumBr,MispBr,BrPerCyc,MispBrPerCyc,MR,MPKI,CycWP,CycWPAvg,CycWPPKI,50PercInstr,50PercCycles,50PercIPC,50PercNumBr,50PercMispBr,50PercBrPerCyc,50PercMispBrPerCyc,50PercMR,50PercMPKI,50PercCycWP,50PercCycWPAvg,50PercCycWPPKI
traces,fp_13_trace,84.63656806945801,Pass,409.7380921840668,40000016,23090196,1.7323,6454282,946027,0.2795,0.0410,14.6574%,23.6507,19011360,20.0960,475.2838,20000016,11401358,1.7542,3233671,474330,0.2836,0.0416,14.6685%,23.7165,9373345,19.7612,468.6669
traces,media_3_trace,113.6968765258789,Pass,249.52240419387817,20000046,7189708,2.7818,1130407,281528,0.1572,0.0392,24.9050%,14.0764,4748879,16.8682,237.4434,10000046,3471581,2.8805,568763,141804,0.1638,0.0408,24.9320%,14.1803,2388663,16.8448,238.8652
traces,infra_15_trace,101.22027969360352,Pass,463.84060430526733,50000052,41102245,1.2165,6957507,736909,0.1693,0.0179,10.5916%,14.7382,36937517,50.1249,738.7496,25000052,9562811,2.6143,3466846,347449,0.3625,0.0363,10.0220%,13.8979,7493441,21.5670,299.7370
traces,web_25_trace,46.08135795593262,Pass,170.49939107894897,14999989,12875656,1.1650,2548670,399231,0.1979,0.0310,15.6643%,26.6154,8969746,22.4676,597.9835,7999989,5425271,1.4746,1342253,191162,0.2474,0.0352,14.2419%,23.8953,4354088,22.7770,544.2617
traces,compress_7_trace,399.4104585647583,Pass,1122.5236778259277,130000052,35041817,3.7099,15042451,1078554,0.4293,0.0308,7.1701%,8.2966,18999793,17.6160,146.1522,65000052,16948829,3.8351,7447474,491144,0.4394,0.0290,6.5948%,7.5561,8912972,18.1474,137.1225
traces,int_36_trace,201.8018684387207,Pass,544.2514579296112,53761949,60260475,0.8922,7755130,1598584,0.1287,0.0265,20.6132%,29.7345,37565895,23.4995,698.7450,27761949,27491958,1.0098,4116890,821318,0.1497,0.0299,19.9500%,29.5843,17585608,21.4114,633.4428
