Workload,Run,TraceSize,Status,ExecTime,Instr,Cycles,IPC,NumBr,MispBr,BrPerCyc,MispBrPerCyc,MR,MPKI,CycWP,CycWPAvg,CycWPPKI,50PercInstr,50PercCycles,50PercIPC,50PercNumBr,50PercMispBr,50PercBrPerCyc,50PercMispBrPerCyc,50PercMR,50PercMPKI,50PercCycWP,50PercCycWPAvg,50PercCycWPPKI
traces,fp_13_trace,84.63656806945801,Pass,428.5263330936432,40000016,26126642,1.5310,6454282,1105711,0.2470,0.0423,17.1314%,27.6428,22137862,20.0214,553.4463,20000016,12896278,1.5508,3233671,552945,0.2507,0.0429,17.0996%,27.6472,10912476,19.7352,545.6234
traces,media_3_trace,113.6968765258789,Pass,259.8812448978424,20000046,7992372,2.5024,1130407,336203,0.1414,0.0421,29.7418%,16.8101,5606816,16.6769,280.3402,10000046,3864483,2.5877,568763,168859,0.1472,0.0437,29.6888%,16.8858,2808230,16.6306,280.8217
traces,infra_15_trace,101.22027969360352,Pass,485.7032859325409,50000052,48452311,1.0319,6957507,900601,0.1436,0.0186,12.9443%,18.0120,44517443,49.4308,890.3479,25000052,10692064,2.3382,3466846,431531,0.3242,0.0404,12.4474%,17.2612,8683534,20.1226,347.3406
traces,web_25_trace,46.08135795593262,Pass,174.00287890434265,14999989,14228954,1.0542,2548670,480057,0.1791,0.0337,18.8356%,32.0038,10403926,21.6723,693.5956,7999989,6491549,1.2324,1342253,253697,0.2068,0.0391,18.9008%,31.7122,5480047,21.6008,685.0068
traces,compress_7_trace,399.4104585647583,Pass,1164.7088360786438,130000052,37130553,3.5012,15042451,1304138,0.4051,0.0351,8.6697%,10.0318,21264081,16.3051,163.5698,65000052,17908911,3.6295,7447474,587626,0.4159,0.0328,7.8903%,9.0404,9935316,16.9076,152.8509
traces,int_36_trace,201.8018684387207,Pass,569.4714441299438,53761949,64241672,0.8369,7755130,1787494,0.1207,0.0278,23.0492%,33.2483,42040608,23.5193,781.9770,27761949,29618939,0.9373,4116890,909856,0.1390,0.0307,22.1006%,32.7735,19924970,21.8990,717.7079
