Workload,Run,TraceSize,Status,ExecTime,Instr,Cycles,IPC,NumBr,MispBr,BrPerCyc,MispBrPerCyc,MR,MPKI,CycWP,CycWPAvg,CycWPPKI,50PercInstr,50PercCycles,50PercIPC,50PercNumBr,50PercMispBr,50PercBrPerCyc,50PercMispBrPerCyc,50PercMR,50PercMPKI,50PercCycWP,50PercCycWPAvg,50PercCycWPPKI
traces,fp_13_trace,84.63656806945801,Pass,477.5038251876831,40000016,23060703,1.7346,6454282,938455,0.2799,0.0407,14.5400%,23.4614,19030560,20.2786,475.7638,20000016,11379672,1.7575,3233671,470132,0.2842,0.0413,14.5386%,23.5066,9375614,19.9425,468.7803
traces,media_3_trace,113.6968765258789,Pass,282.486248254776,20000046,4986651,4.0107,1130407,125208,0.2267,0.0251,11.0764%,6.2604,2332281,18.6273,116.6138,10000046,2309873,4.3293,568763,59753,0.2462,0.0259,10.5058%,5.9753,1115655,18.6711,111.5650
traces,infra_15_trace,101.22027969360352,Pass,536.9412438869476,50000052,38539802,1.2974,6957507,575177,0.1805,0.0149,8.2670%,11.5035,34168270,59.4048,683.3647,25000052,8157498,3.0647,3466846,257282,0.4250,0.0315,7.4212%,10.2913,5954745,23.1448,238.1893
traces,web_25_trace,46.08135795593262,Pass,192.9733648300171,14999989,11031229,1.3598,2548670,282988,0.2310,0.0257,11.1034%,18.8659,7012301,24.7795,467.4871,7999989,4552217,1.7574,1342253,135191,0.2949,0.0297,10.0719%,16.8989,3430097,25.3722,428.7627
traces,compress_7_trace,399.4104585647583,Pass,1235.227080821991,130000052,27287713,4.7641,15042451,548510,0.5513,0.0201,3.6464%,4.2193,10862623,19.8039,83.5586,65000052,13350185,4.8689,7447474,254583,0.5579,0.0191,3.4184%,3.9167,5116414,20.0972,78.7140
traces,int_36_trace,201.8018684387207,Pass,615.8832759857178,53761949,50099844,1.0731,7755130,970031,0.1548,0.0194,12.5082%,18.0431,26796187,27.6241,498.4229,27761949,22841745,1.2154,4116890,507631,0.1802,0.0222,12.3304%,18.2851,12639508,24.8990,455.2817
