Workload,Run,TraceSize,Status,ExecTime,Instr,Cycles,IPC,NumBr,MispBr,BrPerCyc,MispBrPerCyc,MR,MPKI,CycWP,CycWPAvg,CycWPPKI,50PercInstr,50PercCycles,50PercIPC,50PercNumBr,50PercMispBr,50PercBrPerCyc,50PercMispBrPerCyc,50PercMR,50PercMPKI,50PercCycWP,50PercCycWPAvg,50PercCycWPPKI
traces,fp_13_trace,84.63656806945801,Pass,643.1013813018799,40000016,23317198,1.7155,6454282,950115,0.2768,0.0407,14.7207%,23.7529,19291363,20.3042,482.2839,20000016,11505744,1.7383,3233671,475943,0.2810,0.0414,14.7183%,23.7971,9504026,19.9688,475.2009
traces,media_3_trace,113.6968765258789,Pass,347.62826323509216,20000046,6527691,3.0639,1130407,232794,0.1732,0.0357,20.5938%,11.6397,4020928,17.2725,201.0459,10000046,3124567,3.2005,568763,116469,0.1820,0.0373,20.4776%,11.6468,2007557,17.2368,200.7548
traces,infra_15_trace,101.22027969360352,Pass,714.9876079559326,50000052,42613167,1.1733,6957507,703537,0.1633,0.0165,10.1119%,14.0707,38469255,54.6798,769.3843,25000052,8978749,2.7844,3466846,311264,0.3861,0.0347,8.9783%,12.4505,6848305,22.0016,273.9316
traces,web_25_trace,46.08135795593262,Pass,225.58609199523926,14999989,12748521,1.1766,2548670,388788,0.1999,0.0305,15.2545%,25.9192,8823906,22.6959,588.2608,7999989,5433622,1.4723,1342253,190363,0.2470,0.0350,14.1823%,23.7954,4357878,22.8925,544.7355
traces,compress_7_trace,399.4104585647583,Pass,1408.9385318756104,130000052,32809855,3.9622,15042451,980590,0.4585,0.0299,6.5188%,7.5430,16787469,17.1198,129.1343,65000052,15932439,4.0797,7447474,445558,0.4674,0.0280,5.9827%,6.8547,7900939,17.7327,121.5528
traces,int_36_trace,201.8018684387207,Pass,815.2816557884216,53761949,58316701,0.9219,7755130,1428322,0.1330,0.0245,18.4178%,26.5675,35702973,24.9964,664.0937,27761949,27110621,1.0240,4116890,755815,0.1519,0.0279,18.3589%,27.2249,17256517,22.8317,621.5888
